X,Y,Cluster_Label
2830.0,40.0,6
2830.0,77.0,6
2830.0,114.0,6
2831.0,155.0,6
2830.0,194.0,6
2831.0,231.0,6
2831.0,269.0,6
2831.0,309.0,6
2830.0,347.0,6
2830.0,384.0,6
2792.0,35.0,6
2792.0,75.0,6
2790.0,115.0,6
2792.0,153.0,6
2791.0,191.0,6
2791.0,231.0,6
2790.0,271.0,6
2791.0,306.0,6
2791.0,345.0,6
2792.0,384.0,6
2800.0,460.0,6
2801.0,499.0,6
2801.0,538.0,6
2800.0,578.0,6
2802.0,620.0,6
2800.0,654.0,6
2800.0,694.0,6
2802.0,732.0,6
2800.0,772.0,6
2800.0,810.0,6
2762.0,459.0,6
2761.0,497.0,6
2761.0,540.0,6
2761.0,578.0,6
2762.0,591.0,6
2763.0,656.0,6
2762.0,694.0,6
2761.0,731.0,6
2762.0,770.0,6
2761.0,808.0,6
2801.0,946.0,6
2803.0,1034.0,1
2723.0,943.0,6
2724.0,1029.0,1
2702.0,1003.0,6
2800.0,1098.0,1
2799.0,1137.0,1
2831.0,1158.0,1
2801.0,1178.0,1
2800.0,1216.0,1
2829.0,1237.0,1
2801.0,1254.0,1
2800.0,1292.0,1
2800.0,1331.0,1
2801.0,1370.0,1
2799.0,1409.0,1
2804.0,1450.0,1
2759.0,1098.0,1
2762.0,1138.0,1
2762.0,1178.0,1
2761.0,1213.0,1
2763.0,1255.0,1
2761.0,1293.0,1
2763.0,1330.0,1
2761.0,1369.0,1
2759.0,1411.0,1
2761.0,1446.0,1
2762.0,617.0,6
2801.0,1507.0,1
2800.0,1548.0,1
2801.0,1581.0,1
2801.0,1619.0,1
2799.0,1656.0,1
2800.0,1698.0,1
2800.0,1738.0,1
2800.0,1781.0,1
2799.0,1820.0,1
2800.0,1856.0,1
2760.0,1506.0,1
2760.0,1543.0,1
2763.0,1586.0,1
2761.0,1621.0,1
2761.0,1659.0,1
2761.0,1698.0,1
2762.0,1737.0,1
2761.0,1775.0,1
2762.0,1821.0,1
2762.0,1853.0,1
2800.0,2067.0,1
2798.0,2102.0,1
2799.0,2143.0,1
2801.0,2183.0,8
2800.0,2221.0,8
2801.0,2262.0,8
2800.0,2299.0,8
2800.0,2337.0,8
2801.0,2376.0,8
2800.0,2414.0,8
2760.0,2066.0,1
2760.0,2105.0,1
2761.0,2144.0,1
2761.0,2184.0,8
2763.0,2222.0,8
2760.0,2259.0,8
2761.0,2297.0,8
2760.0,2338.0,8
2761.0,2372.0,8
2800.0,2411.0,8
2800.0,2491.0,8
2772.0,2512.0,8
2732.0,2491.0,8
2788.0,2167.0,1
2762.0,2676.0,8
2732.0,2618.0,8
2761.0,2903.0,8
2761.0,2983.0,8
2799.0,3041.0,8
2800.0,3083.0,8
2799.0,3117.0,8
2799.0,3085.0,8
2799.0,3195.0,8
2798.0,3234.0,8
2799.0,3274.0,8
2798.0,3312.0,8
2798.0,3350.0,8
2797.0,3389.0,8
2799.0,3427.0,8
2800.0,3464.0,8
2864.0,3474.0,8
2865.0,3515.0,8
2798.0,3563.0,8
2798.0,3796.0,8
2797.0,3794.0,8
2698.0,39.0,6
2697.0,116.0,6
2716.0,191.0,6
2696.0,540.0,6
2704.0,1437.0,1
2704.0,1583.0,1
2703.0,1680.0,1
2694.0,2221.0,8
2704.0,2317.0,8
2714.0,2345.0,8
2733.0,2374.0,8
2720.0,3100.0,8
2721.0,3147.0,8
2752.0,3198.0,8
2712.0,3194.0,8
2683.0,3196.0,8
2642.0,3195.0,8
2763.0,3292.0,8
2761.0,3332.0,8
2761.0,3369.0,8
2760.0,3409.0,8
2732.0,3467.0,8
2701.0,3621.0,8
2699.0,3852.0,8
2781.0,3940.0,8
2701.0,3940.0,8
2623.0,3945.0,8
2621.0,-5.0,6
2744.0,18.0,6
2649.0,25.0,6
2609.0,48.0,6
2659.0,94.0,6
2658.0,134.0,6
2659.0,171.0,6
2658.0,208.0,6
2657.0,248.0,6
2660.0,285.0,6
2659.0,325.0,6
2659.0,368.0,6
2545.0,92.0,6
2543.0,131.0,6
2543.0,170.0,6
2541.0,212.0,6
2538.0,248.0,6
2544.0,288.0,6
2541.0,246.0,6
2541.0,362.0,6
2571.0,270.0,6
2571.0,325.0,6
2485.0,36.0,6
2524.0,54.0,6
2494.0,249.0,6
2590.0,393.0,6
2641.0,411.0,6
2659.0,441.0,6
2660.0,500.0,6
2660.0,538.0,6
2658.0,577.0,6
2659.0,618.0,6
2660.0,656.0,6
2661.0,701.0,6
2658.0,733.0,6
2659.0,772.0,6
2582.0,439.0,6
2592.0,521.0,6
2581.0,770.0,6
2543.0,497.0,6
2542.0,536.0,6
2543.0,579.0,6
2542.0,615.0,6
2542.0,657.0,6
2543.0,691.0,6
2543.0,734.0,6
2541.0,771.0,6
2542.0,808.0,6
2543.0,847.0,6
2540.0,877.0,6
2617.0,847.0,6
2620.0,916.0,6
2570.0,1004.0,1
2529.0,1003.0,1
2656.0,1042.0,1
2658.0,1082.0,1
2656.0,1118.0,1
2657.0,1159.0,1
2656.0,1200.0,1
2657.0,1236.0,1
2657.0,1272.0,1
2657.0,1314.0,1
2616.0,1137.0,1
2617.0,1195.0,1
2624.0,1273.0,1
2598.0,1314.0,1
2558.0,1214.0,1
2542.0,1040.0,1
2540.0,1079.0,1
2541.0,1121.0,1
2540.0,1156.0,1
2539.0,1195.0,1
2539.0,1231.0,1
2540.0,1272.0,1
2540.0,1311.0,1
2501.0,1342.0,1
2540.0,1358.0,1
2540.0,1398.0,1
2512.0,1436.0,1
2628.0,1435.0,1
2643.0,1484.0,1
2667.0,1524.0,1
2666.0,1560.0,1
2665.0,1601.0,1
2667.0,1640.0,1
2665.0,1679.0,1
2665.0,1728.0,1
2666.0,1755.0,1
2666.0,1794.0,1
2665.0,1836.0,1
2667.0,1873.0,1
2646.0,1486.0,1
2617.0,1525.0,1
2628.0,1715.0,1
2618.0,1756.0,1
2548.0,1524.0,1
2550.0,1561.0,1
2552.0,1600.0,1
2550.0,1640.0,1
2550.0,1677.0,1
2551.0,1717.0,1
2551.0,1756.0,1
2551.0,1798.0,1
2549.0,1832.0,1
2550.0,1874.0,1
2579.0,1893.0,1
2665.0,1935.0,1
2647.0,1991.0,1
2667.0,2025.0,1
2667.0,2064.0,1
2667.0,2104.0,1
2665.0,2139.0,1
2666.0,2178.0,1
2665.0,2220.0,8
2665.0,2254.0,8
2548.0,2258.0,8
2549.0,2218.0,8
2549.0,2180.0,1
2550.0,2141.0,1
2549.0,2103.0,1
2548.0,2064.0,1
2548.0,2025.0,1
2538.0,1987.0,1
2590.0,2333.0,8
2666.0,2328.0,8
2667.0,2394.0,8
2667.0,2432.0,8
2666.0,2470.0,8
2666.0,2508.0,8
2665.0,2550.0,8
2665.0,2586.0,8
2666.0,2626.0,8
2549.0,2393.0,8
2548.0,2431.0,8
2549.0,2473.0,8
2548.0,2512.0,8
2546.0,2548.0,8
2550.0,2591.0,8
2548.0,2627.0,8
2687.0,2716.0,8
2686.0,2868.0,8
2647.0,2711.0,8
2645.0,2866.0,8
2643.0,2906.0,8
2645.0,2984.0,8
2604.0,2905.0,8
2605.0,3109.0,8
2605.0,3136.0,8
2606.0,3290.0,8
2606.0,3333.0,8
2606.0,3368.0,8
2604.0,3410.0,8
2568.0,3037.0,8
2568.0,3079.0,8
2568.0,3119.0,8
2567.0,3157.0,8
2566.0,3195.0,8
2567.0,3234.0,8
2568.0,3274.0,8
2566.0,3310.0,8
2568.0,3350.0,8
2566.0,3386.0,8
2567.0,3428.0,8
2568.0,3466.0,8
2352.0,89.0,6
2348.0,125.0,6
2349.0,168.0,6
2349.0,208.0,6
2350.0,244.0,6
2349.0,286.0,6
2350.0,322.0,6
2400.0,333.0,6
2466.0,323.0,6
2406.0,207.0,6
2378.0,168.0,6
2417.0,130.0,6
2397.0,70.0,6
2468.0,283.0,6
2467.0,242.0,6
2494.0,245.0,6
2467.0,208.0,6
2462.0,168.0,6
2465.0,129.0,6
2465.0,90.0,6
2421.0,383.0,6
2377.0,449.0,6
2458.0,392.0,6
2468.0,467.0,6
2507.0,561.0,6
2351.0,534.0,6
2352.0,574.0,6
2350.0,614.0,6
2350.0,652.0,6
2352.0,691.0,6
2350.0,727.0,6
2351.0,768.0,6
2467.0,765.0,6
2466.0,729.0,6
2466.0,692.0,6
2466.0,649.0,6
2466.0,613.0,6
2466.0,574.0,6
2467.0,540.0,6
2513.0,572.0,6
2350.0,827.0,6
2418.0,836.0,6
2438.0,875.0,6
2475.0,833.0,6
2495.0,941.0,6
2388.0,942.0,6
2348.0,940.0,6
2475.0,1008.0,1
2466.0,1038.0,1
2351.0,1040.0,1
2350.0,1075.0,1
2349.0,1114.0,1
2347.0,1152.0,1
2349.0,1192.0,1
2349.0,1232.0,1
2348.0,1270.0,1
2348.0,1307.0,1
2388.0,1209.0,1
2408.0,1116.0,1
2468.0,1310.0,1
2466.0,1269.0,1
2465.0,1232.0,1
2484.0,1212.0,1
2465.0,1190.0,1
2465.0,1158.0,1
2462.0,1112.0,1
2466.0,1075.0,1
2367.0,1354.0,1
2380.0,1433.0,1
2338.0,1452.0,1
2415.0,1482.0,1
2436.0,1431.0,1
2425.0,1394.0,1
2426.0,1358.0,1
2465.0,1471.0,1
2473.0,1373.0,1
2321.0,1522.0,1
2320.0,1557.0,1
2320.0,1598.0,1
2318.0,1638.0,1
2320.0,1673.0,1
2321.0,1717.0,1
2322.0,1755.0,1
2321.0,1794.0,1
2321.0,1832.0,1
2322.0,1872.0,1
2349.0,1831.0,1
2377.0,1870.0,1
2378.0,1830.0,1
2378.0,1789.0,1
2378.0,1752.0,1
2378.0,1714.0,1
2377.0,1679.0,1
2376.0,1637.0,1
2378.0,1597.0,1
2378.0,1558.0,1
2380.0,1524.0,1
2525.0,1880.0,1
2493.0,1868.0,1
2495.0,1830.0,1
2493.0,1791.0,1
2492.0,1753.0,1
2493.0,1714.0,1
2491.0,1676.0,1
2492.0,1634.0,1
2493.0,1601.0,1
2494.0,1559.0,1
2494.0,1349.0,1
2378.0,2022.0,1
2379.0,2059.0,1
2377.0,2099.0,1
2379.0,2137.0,1
2377.0,2177.0,1
2379.0,2218.0,8
2379.0,2254.0,8
2454.0,2041.0,1
2474.0,1953.0,1
2495.0,2288.0,8
2493.0,2255.0,8
2494.0,2218.0,8
2491.0,2176.0,1
2492.0,2138.0,1
2493.0,2100.0,1
2493.0,2061.0,1
2495.0,2022.0,1
2377.0,2388.0,8
2378.0,2425.0,8
2377.0,2468.0,8
2376.0,2501.0,8
2377.0,2547.0,8
2379.0,2586.0,8
2378.0,2624.0,8
2378.0,2663.0,8
2406.0,2428.0,8
2437.0,2505.0,8
2448.0,2624.0,8
2495.0,2665.0,8
2495.0,2623.0,8
2495.0,2585.0,8
2493.0,2547.0,8
2493.0,2506.0,8
2495.0,2468.0,8
2494.0,2429.0,8
2494.0,2391.0,8
2379.0,2749.0,8
2377.0,2786.0,8
2377.0,2825.0,8
2375.0,2865.0,8
2378.0,2903.0,8
2376.0,2943.0,8
2377.0,2981.0,8
2446.0,2769.0,8
2436.0,2729.0,8
2529.0,2979.0,8
2515.0,3013.0,8
2494.0,2982.0,8
2491.0,2942.0,8
2491.0,2902.0,8
2492.0,2865.0,8
2492.0,2825.0,8
2493.0,2786.0,8
2493.0,2748.0,8
2531.0,2827.0,8
2531.0,2787.0,8
2530.0,2710.0,8
2376.0,3057.0,8
2376.0,3095.0,8
2376.0,3136.0,8
2378.0,3175.0,8
2377.0,3212.0,8
2377.0,3251.0,8
2375.0,3288.0,8
2377.0,3328.0,8
2378.0,3368.0,8
2376.0,3408.0,8
2424.0,3426.0,8
2454.0,3444.0,8
2494.0,3403.0,8
2495.0,3368.0,8
2493.0,3326.0,8
2492.0,3286.0,8
2493.0,3248.0,8
2493.0,3210.0,8
2493.0,3170.0,8
2492.0,3127.0,8
2494.0,3095.0,8
2495.0,3059.0,8
2390.0,3550.0,8
2385.0,3695.0,8
2504.0,3813.0,8
2268.0,3813.0,4
2150.0,91.0,6
2150.0,129.0,6
2149.0,165.0,6
2147.0,209.0,6
2149.0,244.0,6
2147.0,282.0,6
2149.0,323.0,6
2179.0,243.0,6
2191.0,66.0,6
2228.0,76.0,6
2227.0,108.0,6
2218.0,303.0,6
2240.0,341.0,6
2267.0,325.0,6
2268.0,282.0,6
2326.0,306.0,6
2267.0,243.0,6
2302.0,223.0,6
2265.0,203.0,6
2305.0,188.0,6
2264.0,167.0,6
2267.0,127.0,6
2265.0,87.0,6
2303.0,72.0,6
2111.0,428.0,6
2111.0,466.0,6
2187.0,426.0,6
2246.0,486.0,6
2266.0,464.0,6
2317.0,468.0,6
2229.0,406.0,6
2150.0,534.0,6
2149.0,573.0,6
2147.0,611.0,6
2144.0,651.0,6
2150.0,691.0,6
2148.0,728.0,6
2148.0,848.0,6
2128.0,807.0,6
2178.0,611.0,6
2188.0,642.0,6
2225.0,515.0,6
2225.0,555.0,6
2233.0,728.0,6
2303.0,767.0,6
2267.0,767.0,6
2266.0,730.0,6
2303.0,709.0,6
2265.0,689.0,6
2312.0,650.0,6
2266.0,651.0,6
2267.0,615.0,6
2262.0,571.0,6
2266.0,534.0,6
2130.0,803.0,6
2167.0,848.0,6
2245.0,843.0,6
2286.0,885.0,6
2167.0,921.0,6
2136.0,939.0,6
2149.0,1031.0,1
2148.0,1063.0,1
2147.0,1107.0,1
2149.0,1143.0,1
2145.0,1183.0,1
2146.0,1219.0,1
2146.0,1261.0,1
2148.0,1300.0,1
2148.0,1333.0,1
2146.0,1377.0,1
2195.0,1378.0,1
2193.0,1221.0,1
2206.0,1181.0,1
2186.0,1142.0,1
2206.0,1106.0,1
2224.0,1066.0,1
2265.0,1375.0,1
2265.0,1339.0,1
2261.0,1296.0,1
2263.0,1260.0,1
2264.0,1220.0,1
2291.0,1221.0,1
2263.0,1182.0,1
2281.0,1164.0,1
2264.0,1143.0,1
2263.0,1104.0,1
2261.0,1065.0,1
2261.0,1026.0,1
2253.0,1463.0,1
2173.0,1462.0,1
2146.0,1520.0,1
2145.0,1558.0,1
2147.0,1597.0,1
2146.0,1635.0,1
2144.0,1677.0,1
2147.0,1716.0,1
2145.0,1753.0,1
2144.0,1793.0,1
2147.0,1831.0,1
2146.0,1870.0,1
2204.0,1868.0,1
2206.0,1830.0,1
2205.0,1789.0,1
2206.0,1753.0,1
2205.0,1714.0,1
2202.0,1673.0,1
2204.0,1635.0,1
2204.0,1596.0,1
2203.0,1557.0,1
2203.0,1521.0,1
2251.0,1813.0,1
2240.0,1558.0,1
2252.0,1521.0,1
2308.0,1966.0,1
2310.0,1927.0,1
2261.0,1922.0,1
2194.0,1921.0,1
2134.0,1951.0,1
2148.0,2080.0,1
2146.0,2122.0,1
2143.0,2161.0,1
2144.0,2200.0,1
2148.0,2240.0,8
2146.0,2278.0,8
2145.0,2316.0,8
2145.0,2354.0,8
2146.0,2393.0,8
2146.0,2434.0,8
2186.0,2136.0,1
2244.0,2450.0,8
2204.0,2430.0,8
2203.0,2391.0,8
2204.0,2273.0,8
2205.0,2314.0,8
2199.0,2273.0,8
2204.0,2239.0,8
2230.0,2254.0,8
2205.0,2197.0,1
2203.0,2158.0,1
2205.0,2602.0,8
2205.0,2083.0,1
2241.0,2062.0,1
2204.0,2043.0,1
2203.0,2014.0,1
2254.0,2026.0,1
2328.0,2024.0,1
2319.0,2080.0,1
2319.0,2122.0,1
2318.0,2165.0,1
2287.0,2169.0,1
2319.0,2202.0,8
2290.0,2230.0,8
2319.0,2238.0,8
2319.0,2277.0,8
2291.0,2297.0,8
2320.0,2316.0,8
2321.0,2355.0,8
2319.0,2396.0,8
2319.0,2430.0,8
2348.0,2396.0,8
2167.0,2537.0,8
2164.0,2576.0,8
2163.0,2624.0,8
2136.0,2641.0,8
2115.0,2584.0,8
2107.0,2661.0,8
2106.0,2701.0,8
2107.0,2740.0,8
2105.0,2775.0,8
2106.0,2819.0,8
2104.0,2855.0,8
2105.0,2894.0,8
2105.0,2933.0,8
2106.0,2992.0,8
2175.0,3029.0,8
2222.0,2990.0,8
2187.0,2932.0,8
2183.0,2893.0,8
2185.0,2853.0,8
2209.0,2813.0,8
2186.0,2814.0,8
2182.0,2778.0,8
2185.0,2738.0,8
2184.0,2700.0,8
2183.0,2661.0,8
2212.0,2699.0,8
2252.0,2739.0,8
2300.0,2991.0,8
2300.0,2964.0,8
2301.0,2933.0,8
2301.0,2896.0,8
2298.0,2854.0,8
2299.0,2816.0,8
2297.0,2776.0,8
2296.0,2738.0,8
2299.0,2700.0,8
2300.0,2660.0,8
2337.0,2703.0,8
2336.0,2663.0,8
2338.0,2620.0,8
2290.0,2585.0,8
2106.0,3087.0,8
2075.0,3104.0,8
2108.0,3123.0,8
2107.0,3165.0,8
2105.0,3201.0,8
2107.0,3242.0,8
2106.0,3277.0,8
2103.0,3318.0,8
2106.0,3359.0,4
2106.0,3416.0,4
2185.0,3356.0,8
2185.0,3319.0,8
2184.0,3277.0,8
2181.0,3242.0,8
2184.0,3201.0,8
2184.0,3163.0,8
2183.0,3122.0,8
2182.0,3081.0,8
2222.0,3222.0,8
2279.0,3184.0,8
2328.0,3077.0,8
2298.0,3084.0,8
2299.0,3125.0,8
2298.0,3165.0,8
2296.0,3205.0,8
2299.0,3239.0,8
2295.0,3280.0,8
2300.0,3324.0,8
2299.0,3355.0,8
2339.0,3260.0,8
2327.0,3416.0,8
2062.0,3604.0,4
2106.0,3606.0,4
2167.0,3618.0,4
2106.0,3643.0,4
2104.0,3684.0,4
2105.0,3723.0,4
2105.0,3764.0,4
2103.0,3801.0,4
2106.0,3841.0,4
2106.0,3884.0,4
2166.0,3850.0,4
2096.0,71.0,6
2097.0,227.0,6
2058.0,86.0,6
2061.0,131.0,6
2060.0,170.0,6
2058.0,209.0,6
2058.0,248.0,6
2057.0,285.0,6
2058.0,328.0,6
1991.0,187.0,6
1979.0,325.0,6
1937.0,53.0,6
1942.0,90.0,6
1944.0,130.0,6
1943.0,167.0,6
1942.0,209.0,6
1941.0,246.0,6
1941.0,285.0,6
1939.0,325.0,6
2037.0,410.0,6
2010.0,488.0,6
2062.0,538.0,6
2060.0,574.0,6
2059.0,615.0,6
2059.0,651.0,6
2060.0,691.0,6
2059.0,732.0,6
2059.0,772.0,6
2050.0,812.0,6
1989.0,733.0,6
1990.0,576.0,6
1941.0,536.0,6
1942.0,572.0,6
1944.0,614.0,6
1943.0,654.0,6
1943.0,693.0,6
1943.0,729.0,6
1941.0,771.0,6
1951.0,896.0,2
2058.0,981.0,1
2070.0,1031.0,1
2069.0,1069.0,1
2067.0,1107.0,1
2068.0,1142.0,1
2068.0,1182.0,1
2068.0,1223.0,1
2068.0,1259.0,1
2074.0,1299.0,1
2107.0,1327.0,1
2067.0,1365.0,1
2028.0,1318.0,1
2038.0,1281.0,1
2021.0,1243.0,1
2000.0,1205.0,1
1951.0,1257.0,1
1950.0,1223.0,1
1951.0,1183.0,1
1951.0,1146.0,1
1950.0,1111.0,1
1950.0,1068.0,1
1954.0,1028.0,1
1954.0,972.0,2
1951.0,893.0,2
1971.0,1087.0,1
2009.0,1032.0,1
1893.0,1348.0,1
1912.0,1409.0,1
1941.0,1427.0,1
2009.0,1433.0,1
2000.0,1387.0,1
2028.0,1526.0,1
2029.0,1561.0,1
2029.0,1599.0,1
2029.0,1638.0,1
2029.0,1680.0,1
2028.0,1719.0,1
2029.0,1755.0,1
2028.0,1795.0,1
2028.0,1833.0,1
2029.0,1872.0,1
2076.0,1813.0,1
2097.0,1853.0,1
2048.0,1950.0,1
2018.0,1930.0,1
1971.0,1521.0,1
1971.0,1560.0,1
1971.0,1600.0,1
1970.0,1643.0,1
1969.0,1677.0,1
1971.0,1717.0,1
1970.0,1754.0,1
1969.0,1795.0,1
1967.0,1351.0,1
1969.0,1871.0,1
2065.0,2026.0,1
2107.0,2095.0,1
2085.0,2141.0,1
2095.0,2229.0,7
2112.0,2317.0,8
2009.0,2024.0,1
2030.0,2084.0,7
2029.0,2123.0,7
2029.0,2162.0,7
2028.0,2202.0,7
2028.0,2239.0,7
2029.0,2275.0,7
2027.0,2317.0,7
2027.0,2354.0,7
2027.0,2393.0,8
2028.0,2433.0,8
1971.0,2082.0,7
1970.0,2120.0,7
1970.0,2161.0,7
1972.0,2201.0,7
1970.0,2239.0,7
1969.0,2278.0,7
1971.0,2317.0,7
1970.0,2355.0,7
1970.0,2392.0,7
1969.0,2433.0,7
1970.0,2469.0,8
1949.0,2553.0,8
2009.0,2576.0,8
2009.0,2622.0,8
2029.0,2665.0,8
1982.0,2663.0,8
1986.0,2707.0,8
1988.0,2743.0,8
1988.0,2777.0,8
1989.0,2818.0,8
1988.0,2857.0,8
1988.0,2893.0,8
1988.0,2934.0,8
1912.0,2664.0,8
1912.0,2703.0,8
1911.0,2738.0,8
1911.0,2779.0,8
1913.0,2817.0,8
1911.0,2858.0,8
1912.0,2895.0,8
1910.0,2932.0,8
2026.0,2992.0,8
1929.0,3049.0,8
1990.0,3088.0,8
1990.0,3125.0,8
1989.0,3165.0,4
1988.0,3203.0,4
1990.0,3244.0,4
1986.0,3280.0,4
1989.0,3317.0,4
1989.0,3357.0,4
1989.0,3419.0,4
2036.0,3318.0,4
2045.0,3389.0,4
1911.0,3416.0,4
1909.0,3357.0,4
1911.0,3318.0,4
1911.0,3278.0,4
1911.0,3240.0,4
1911.0,3201.0,4
1910.0,3165.0,4
1912.0,3124.0,4
1912.0,3086.0,4
1930.0,3049.0,8
2028.0,2992.0,8
1988.0,3606.0,4
1988.0,3646.0,4
1989.0,3685.0,4
1986.0,3724.0,4
1986.0,3766.0,4
1987.0,3803.0,4
1986.0,3841.0,4
1984.0,3880.0,4
2015.0,3802.0,4
2036.0,3841.0,4
2015.0,3881.0,4
1949.0,3605.0,4
1949.0,3647.0,4
1949.0,3811.0,4
1949.0,3888.0,4
1890.0,3540.0,4
1911.0,3570.0,4
1911.0,3608.0,4
1910.0,3649.0,4
1910.0,3686.0,4
1911.0,3726.0,4
1911.0,3760.0,4
1911.0,3802.0,4
1911.0,3841.0,4
1911.0,3880.0,4
1893.0,3820.0,4
1870.0,3782.0,4
1884.0,90.0,6
1886.0,245.0,6
1896.0,365.0,6
1846.0,91.0,6
1848.0,132.0,6
1846.0,168.0,6
1848.0,211.0,6
1848.0,249.0,6
1848.0,286.0,6
1850.0,327.0,6
1789.0,73.0,6
1781.0,128.0,6
1809.0,182.0,6
1819.0,214.0,6
1770.0,360.0,2
1761.0,449.0,2
1808.0,453.0,2
1837.0,438.0,6
1903.0,516.0,6
1857.0,540.0,2
1855.0,576.0,2
1855.0,615.0,2
1854.0,652.0,2
1886.0,697.0,2
1859.0,694.0,2
1856.0,734.0,2
1825.0,731.0,2
1856.0,770.0,2
1913.0,770.0,2
1894.0,829.0,2
1845.0,826.0,2
1847.0,904.0,2
1863.0,981.0,2
1866.0,1020.0,2
1866.0,1055.0,2
1866.0,1099.0,2
1865.0,1137.0,1
1868.0,1174.0,1
1866.0,1215.0,1
1866.0,1251.0,1
1866.0,1292.0,1
1863.0,1329.0,1
1864.0,1369.0,1
1862.0,1402.0,1
1836.0,1214.0,1
1749.0,979.0,2
1749.0,1018.0,2
1750.0,1059.0,2
1749.0,1098.0,2
1749.0,1138.0,2
1748.0,1175.0,2
1748.0,1213.0,2
1750.0,1250.0,1
1749.0,1293.0,1
1717.0,1291.0,1
1749.0,1330.0,1
1750.0,1371.0,1
1751.0,1409.0,1
1697.0,1389.0,1
1920.0,1563.0,1
1933.0,1642.0,1
1892.0,1636.0,1
1913.0,1787.0,1
1854.0,1523.0,1
1856.0,1562.0,1
1855.0,1600.0,1
1853.0,1641.0,1
1855.0,1678.0,1
1855.0,1717.0,1
1856.0,1756.0,1
1855.0,1794.0,1
1852.0,1834.0,1
1853.0,1952.0,7
1930.0,2024.0,7
1929.0,2236.0,7
1942.0,2277.0,7
1921.0,2314.0,7
1923.0,2382.0,7
1932.0,2430.0,7
1884.0,2451.0,7
1853.0,2023.0,7
1855.0,2083.0,7
1856.0,2123.0,7
1854.0,2160.0,7
1854.0,2201.0,7
1855.0,2236.0,7
1853.0,2277.0,7
1856.0,2317.0,7
1855.0,2356.0,7
1855.0,2394.0,7
1852.0,2431.0,7
1911.0,2528.0,7
1871.0,2526.0,7
1854.0,2645.0,8
1851.0,2990.0,4
1832.0,3298.0,4
1832.0,3339.0,4
1692.0,32.0,2
1732.0,91.0,2
1733.0,127.0,2
1710.0,233.0,2
1735.0,170.0,2
1731.0,209.0,2
1731.0,251.0,2
1731.0,288.0,2
1731.0,325.0,2
1681.0,213.0,2
1682.0,249.0,2
1645.0,91.0,2
1645.0,129.0,2
1643.0,167.0,2
1642.0,208.0,2
1643.0,249.0,2
1643.0,285.0,2
1641.0,322.0,2
1732.0,449.0,2
1652.0,450.0,2
1736.0,537.0,2
1741.0,575.0,2
1741.0,614.0,2
1741.0,658.0,2
1710.0,655.0,2
1740.0,692.0,2
1741.0,730.0,2
1742.0,766.0,2
1651.0,534.0,2
1652.0,575.0,2
1652.0,614.0,2
1651.0,653.0,2
1653.0,692.0,2
1654.0,730.0,2
1651.0,770.0,2
1650.0,856.0,2
1785.0,2005.0,7
1788.0,2045.0,7
1787.0,2085.0,7
1788.0,2120.0,7
1788.0,2160.0,7
1786.0,2200.0,7
1786.0,2238.0,7
1787.0,2274.0,7
1787.0,2316.0,7
1758.0,2317.0,7
1788.0,2355.0,7
1757.0,2374.0,7
1789.0,2368.0,7
1785.0,2431.0,7
1777.0,2471.0,7
1727.0,1947.0,7
1730.0,1986.0,7
1706.0,2082.0,7
1709.0,2429.0,7
1668.0,2003.0,7
1668.0,2044.0,7
1668.0,2083.0,7
1669.0,2121.0,7
1669.0,2161.0,7
1670.0,2200.0,7
1670.0,2237.0,7
1669.0,2274.0,7
1669.0,2317.0,7
1669.0,2356.0,7
1669.0,2391.0,7
1666.0,2430.0,7
1797.0,2529.0,7
1745.0,2568.0,7
1680.0,2515.0,7
1630.0,2530.0,7
1796.0,2665.0,7
1795.0,2703.0,7
1798.0,2742.0,8
1797.0,2778.0,8
1796.0,2816.0,8
1797.0,2857.0,8
1795.0,2892.0,4
1797.0,2934.0,4
1736.0,2719.0,7
1739.0,2779.0,7
1728.0,2859.0,4
1729.0,2913.0,4
1736.0,2963.0,4
1697.0,2664.0,7
1699.0,2702.0,7
1701.0,2742.0,7
1699.0,2778.0,7
1699.0,2816.0,4
1699.0,2856.0,4
1698.0,2894.0,4
1695.0,2937.0,4
1795.0,3088.0,4
1795.0,3129.0,4
1797.0,3163.0,4
1797.0,3203.0,4
1796.0,3243.0,4
1795.0,3277.0,4
1795.0,3320.0,4
1796.0,3358.0,4
1717.0,3020.0,4
1739.0,3184.0,4
1696.0,3041.0,4
1699.0,3069.0,4
1700.0,3109.0,4
1700.0,3143.0,4
1699.0,3183.0,4
1701.0,3223.0,4
1699.0,3260.0,4
1678.0,3280.0,4
1700.0,3302.0,4
1701.0,3339.0,4
1698.0,3379.0,4
1697.0,3418.0,4
1794.0,3571.0,4
1795.0,3609.0,4
1796.0,3647.0,4
1795.0,3686.0,4
1795.0,3726.0,4
1795.0,3764.0,4
1794.0,3802.0,4
1795.0,3840.0,4
1796.0,3881.0,4
1697.0,3568.0,4
1698.0,3605.0,4
1698.0,3649.0,4
1698.0,3685.0,4
1699.0,3723.0,4
1696.0,3765.0,4
1699.0,3798.0,4
1697.0,3847.0,4
1695.0,3877.0,4
1705.0,3918.0,4
1443.0,88.0,2
1442.0,127.0,2
1440.0,167.0,2
1441.0,204.0,2
1442.0,242.0,2
1442.0,282.0,2
1440.0,321.0,2
1482.0,302.0,2
1480.0,262.0,2
1481.0,223.0,2
1477.0,68.0,2
1529.0,86.0,2
1528.0,126.0,2
1531.0,167.0,2
1526.0,204.0,2
1530.0,245.0,2
1528.0,283.0,2
1530.0,323.0,2
1548.0,366.0,2
1564.0,331.0,2
1415.0,458.0,2
1402.0,574.0,2
1412.0,610.0,2
1453.0,455.0,2
1452.0,492.0,2
1452.0,534.0,2
1453.0,572.0,2
1451.0,612.0,2
1451.0,652.0,2
1454.0,687.0,2
1453.0,731.0,2
1451.0,765.0,2
1452.0,805.0,2
1452.0,844.0,2
1452.0,880.0,2
1542.0,891.0,2
1537.0,809.0,2
1540.0,767.0,2
1542.0,727.0,2
1615.0,765.0,2
1576.0,708.0,2
1539.0,689.0,2
1533.0,647.0,2
1540.0,610.0,2
1539.0,573.0,2
1538.0,534.0,2
1518.0,455.0,2
1412.0,1054.0,2
1432.0,1073.0,2
1452.0,1056.0,2
1449.0,1093.0,2
1450.0,1132.0,2
1449.0,1172.0,2
1454.0,1210.0,2
1452.0,1252.0,2
1452.0,1289.0,2
1451.0,1324.0,2
1450.0,1366.0,2
1452.0,1406.0,2
1509.0,1206.0,2
1529.0,1291.0,2
1570.0,1055.0,2
1570.0,1092.0,2
1567.0,1131.0,2
1567.0,1171.0,2
1566.0,1209.0,2
1567.0,1251.0,2
1566.0,1290.0,2
1567.0,1322.0,2
1565.0,1370.0,2
1567.0,1405.0,2
1586.0,1232.0,2
1605.0,1190.0,2
1663.0,1171.0,2
1660.0,1089.0,2
1663.0,1056.0,2
1598.0,1995.0,7
1490.0,2080.0,7
1490.0,2121.0,7
1487.0,2157.0,7
1487.0,2198.0,7
1489.0,2235.0,7
1487.0,2274.0,7
1489.0,2314.0,7
1487.0,2351.0,7
1492.0,2393.0,7
1488.0,2429.0,7
1517.0,2196.0,7
1557.0,2215.0,7
1556.0,2078.0,7
1602.0,2079.0,7
1604.0,2118.0,7
1604.0,2074.0,7
1605.0,2199.0,7
1601.0,2237.0,7
1604.0,2272.0,7
1603.0,2316.0,7
1604.0,2355.0,7
1604.0,2391.0,7
1603.0,2427.0,7
1477.0,2491.0,7
1458.0,2546.0,7
1468.0,2613.0,7
1494.0,2552.0,7
1548.0,2553.0,7
1594.0,2544.0,7
1605.0,2494.0,7
1488.0,2659.0,7
1486.0,2703.0,7
1488.0,2735.0,7
1488.0,2776.0,7
1457.0,2775.0,7
1489.0,2813.0,7
1488.0,2855.0,4
1457.0,2890.0,4
1488.0,2893.0,4
1487.0,2932.0,4
1544.0,2775.0,7
1547.0,2699.0,7
1535.0,2668.0,7
1583.0,2660.0,7
1585.0,2701.0,7
1585.0,2738.0,7
1584.0,2777.0,7
1586.0,2815.0,4
1581.0,2852.0,4
1586.0,2894.0,4
1583.0,2933.0,4
1485.0,3010.0,4
1439.0,3046.0,4
1448.0,3124.0,4
1488.0,3085.0,4
1493.0,3124.0,4
1489.0,3162.0,4
1485.0,3201.0,4
1492.0,3244.0,4
1487.0,3279.0,4
1490.0,3316.0,4
1488.0,3357.0,4
1583.0,3065.0,4
1624.0,3107.0,4
1588.0,3102.0,4
1585.0,3146.0,4
1583.0,3182.0,4
1601.0,3205.0,4
1584.0,3223.0,4
1584.0,3258.0,4
1584.0,3300.0,4
1586.0,3341.0,4
1582.0,3373.0,4
1584.0,3417.0,4
1613.0,3420.0,4
1632.0,3435.0,4
1640.0,3473.0,4
1671.0,3463.0,4
1499.0,3493.0,4
1487.0,3528.0,4
1488.0,3570.0,4
1486.0,3596.0,4
1487.0,3643.0,4
1487.0,3685.0,4
1487.0,3722.0,4
1488.0,3763.0,4
1487.0,3800.0,4
1488.0,3841.0,4
1488.0,3878.0,4
1547.0,3703.0,4
1543.0,3742.0,4
1582.0,3572.0,4
1583.0,3604.0,4
1584.0,3648.0,4
1584.0,3686.0,4
1580.0,3722.0,4
1584.0,3764.0,4
1583.0,3801.0,4
1584.0,3842.0,4
1586.0,3878.0,4
1624.0,3861.0,4
1633.0,3901.0,4
1661.0,3889.0,4
1622.0,3648.0,4
1631.0,3607.0,4
1651.0,3568.0,4
1187.0,114.0,2
1225.0,83.0,2
1253.0,91.0,2
1283.0,86.0,2
1251.0,128.0,2
1249.0,163.0,2
1252.0,206.0,2
1230.0,225.0,2
1250.0,245.0,2
1287.0,243.0,2
1254.0,283.0,2
1254.0,324.0,2
1292.0,324.0,2
1319.0,48.0,2
1329.0,83.0,2
1327.0,126.0,2
1329.0,166.0,2
1329.0,204.0,2
1330.0,244.0,2
1329.0,284.0,2
1329.0,321.0,2
1396.0,68.0,2
1417.0,128.0,2
1415.0,167.0,2
1405.0,211.0,2
1366.0,265.0,2
1376.0,333.0,2
1415.0,327.0,2
1260.0,533.0,2
1260.0,571.0,2
1258.0,610.0,2
1259.0,648.0,2
1257.0,689.0,2
1259.0,727.0,2
1259.0,765.0,2
1258.0,804.0,2
1258.0,864.0,2
1297.0,611.0,2
1298.0,574.0,2
1298.0,531.0,2
1339.0,453.0,2
1337.0,493.0,2
1334.0,533.0,2
1335.0,573.0,2
1336.0,612.0,2
1336.0,650.0,2
1336.0,689.0,2
1337.0,733.0,2
1336.0,768.0,2
1335.0,803.0,2
1335.0,844.0,2
1333.0,885.0,2
1384.0,806.0,2
1279.0,990.0,2
1279.0,1062.0,2
1236.0,1135.0,2
1239.0,1174.0,2
1238.0,1210.0,2
1239.0,1250.0,2
1239.0,1288.0,2
1239.0,1329.0,2
1238.0,1364.0,2
1238.0,1408.0,2
1208.0,1406.0,2
1238.0,1444.0,2
1277.0,1193.0,2
1315.0,1152.0,2
1296.0,1319.0,2
1357.0,1068.0,2
1356.0,1130.0,2
1356.0,1172.0,2
1401.0,976.0,2
1395.0,1192.0,2
1359.0,1214.0,2
1375.0,1231.0,2
1357.0,1251.0,2
1354.0,1288.0,2
1353.0,1326.0,2
1357.0,1368.0,2
1356.0,1406.0,2
1051.0,88.0,2
1047.0,125.0,2
1049.0,170.0,2
1044.0,206.0,2
1046.0,246.0,2
1048.0,280.0,2
1046.0,322.0,2
1099.0,334.0,2
1106.0,127.0,2
1096.0,95.0,2
1136.0,86.0,2
1134.0,128.0,2
1132.0,162.0,2
1134.0,204.0,2
1135.0,247.0,2
1135.0,280.0,2
1136.0,322.0,2
1153.0,387.0,2
1182.0,339.0,2
1232.0,395.0,2
1036.0,456.0,2
1090.0,425.0,2
1162.0,465.0,2
1233.0,507.0,2
1047.0,534.0,2
1049.0,572.0,2
1045.0,608.0,2
1046.0,650.0,2
1046.0,689.0,2
1046.0,730.0,2
1044.0,763.0,2
1048.0,805.0,2
1047.0,847.0,2
1047.0,887.0,2
1105.0,805.0,2
1092.0,764.0,2
1074.0,727.0,2
1087.0,613.0,2
1086.0,533.0,2
1128.0,633.0,2
1142.0,529.0,2
1144.0,573.0,2
1142.0,610.0,2
1143.0,650.0,2
1146.0,690.0,2
1142.0,729.0,2
1141.0,768.0,2
1142.0,804.0,2
1185.0,592.0,2
1221.0,648.0,2
1218.0,861.0,2
1183.0,863.0,2
1094.0,900.0,2
1085.0,928.0,2
1029.0,942.0,2
1027.0,998.0,2
1144.0,1009.0,2
1174.0,996.0,2
1202.0,1000.0,2
1174.0,942.0,2
998.0,1066.0,2
998.0,1104.0,2
995.0,1145.0,2
999.0,1181.0,2
997.0,1222.0,3
996.0,1261.0,3
997.0,1298.0,3
998.0,1339.0,3
996.0,1393.0,3
1055.0,1431.0,3
1093.0,1452.0,3
1095.0,1424.0,3
1055.0,1400.0,3
1054.0,1363.0,3
1083.0,1384.0,3
1094.0,1355.0,3
1053.0,1325.0,3
1053.0,1284.0,3
1056.0,1249.0,2
1058.0,1210.0,2
1057.0,1172.0,2
1058.0,1136.0,2
1059.0,1092.0,2
1048.0,1056.0,2
1078.0,1154.0,2
1102.0,1171.0,2
1171.0,1055.0,2
1173.0,1093.0,2
1172.0,1135.0,2
1137.0,1134.0,2
1174.0,1179.0,2
1172.0,1212.0,2
1170.0,1251.0,2
1152.0,1270.0,2
1172.0,1292.0,2
1172.0,1330.0,2
1171.0,1368.0,2
1170.0,1408.0,2
784.0,30.0,9
806.0,107.0,9
842.0,85.0,9
844.0,130.0,9
843.0,166.0,9
844.0,206.0,9
843.0,245.0,9
845.0,282.0,9
843.0,322.0,9
843.0,361.0,9
882.0,166.0,9
884.0,88.0,9
930.0,85.0,9
933.0,127.0,9
932.0,163.0,9
931.0,205.0,9
931.0,246.0,9
904.0,264.0,9
929.0,286.0,9
933.0,321.0,9
930.0,370.0,9
991.0,165.0,9
826.0,440.0,9
965.0,459.0,2
581.0,79.0,9
642.0,90.0,9
642.0,128.0,9
637.0,164.0,9
642.0,208.0,9
641.0,248.0,9
641.0,285.0,9
642.0,323.0,9
640.0,361.0,9
671.0,360.0,9
681.0,164.0,9
680.0,84.0,9
710.0,437.0,9
730.0,359.0,9
732.0,321.0,9
767.0,323.0,9
726.0,287.0,9
727.0,244.0,9
726.0,117.0,9
729.0,166.0,9
729.0,130.0,9
728.0,86.0,9
805.0,594.0,9
782.0,653.0,9
842.0,631.0,9
855.0,706.0,2
872.0,799.0,2
845.0,826.0,2
843.0,864.0,2
890.0,848.0,2
889.0,883.0,2
950.0,919.0,2
932.0,883.0,2
929.0,846.0,2
930.0,804.0,2
925.0,765.0,2
933.0,726.0,2
928.0,689.0,2
958.0,690.0,2
932.0,651.0,2
929.0,612.0,2
931.0,570.0,2
929.0,535.0,2
1001.0,514.0,2
573.0,325.0,9
611.0,474.0,9
610.0,503.0,9
601.0,575.0,9
654.0,571.0,9
640.0,648.0,9
642.0,688.0,9
638.0,728.0,9
640.0,766.0,9
641.0,805.0,9
640.0,842.0,9
641.0,883.0,9
689.0,890.0,9
689.0,843.0,9
688.0,804.0,9
729.0,863.0,9
727.0,628.0,9
896.0,1027.0,2
881.0,971.0,2
823.0,961.0,2
746.0,958.0,3
602.0,953.0,3
599.0,1009.0,3
828.0,1065.0,3
803.0,1085.0,3
824.0,1104.0,3
825.0,1144.0,3
823.0,1181.0,3
823.0,1222.0,3
825.0,1261.0,3
821.0,1298.0,3
822.0,1356.0,3
843.0,1399.0,3
882.0,1336.0,3
881.0,1296.0,3
882.0,1263.0,3
880.0,1215.0,3
880.0,1178.0,3
882.0,1143.0,3
882.0,1102.0,3
879.0,1065.0,3
750.0,1088.0,3
753.0,1216.0,3
754.0,1258.0,3
773.0,1307.0,3
747.0,1358.0,3
710.0,1301.0,3
709.0,1261.0,3
707.0,1223.0,3
706.0,1181.0,3
707.0,1146.0,3
704.0,1102.0,3
708.0,1067.0,3
638.0,1105.0,3
639.0,1145.0,3
641.0,1179.0,3
637.0,1222.0,3
638.0,1256.0,3
639.0,1298.0,3
640.0,1337.0,3
640.0,1375.0,3
641.0,1415.0,3
602.0,1394.0,3
638.0,1455.0,3
1796.0,1505.0,1
1756.0,1494.0,1
1717.0,1484.0,1
1679.0,1484.0,1
1631.0,1473.0,1
1533.0,1492.0,7
1051.0,1481.0,3
1002.0,1482.0,3
811.0,1481.0,3
1758.0,1524.0,1
1719.0,1525.0,1
1678.0,1524.0,1
1640.0,1525.0,1
1601.0,1522.0,7
1563.0,1524.0,7
1523.0,1524.0,7
1485.0,1521.0,7
1448.0,1524.0,7
1408.0,1523.0,7
1370.0,1524.0,7
1332.0,1523.0,7
1292.0,1524.0,7
1252.0,1523.0,7
1215.0,1523.0,7
1175.0,1522.0,7
1140.0,1523.0,3
1097.0,1524.0,3
1060.0,1522.0,3
1022.0,1522.0,3
982.0,1521.0,3
947.0,1522.0,3
905.0,1521.0,3
865.0,1522.0,3
829.0,1522.0,3
790.0,1523.0,3
752.0,1520.0,3
713.0,1520.0,3
675.0,1521.0,3
634.0,1522.0,3
597.0,1521.0,3
557.0,1521.0,3
1757.0,1647.0,1
1759.0,1687.0,1
1739.0,1773.0,7
1720.0,1598.0,1
1699.0,1744.0,7
1679.0,1696.0,7
1660.0,1559.0,1
1640.0,1658.0,7
1622.0,1820.0,7
1606.0,1548.0,7
1563.0,1551.0,7
1574.0,1596.0,7
1574.0,1763.0,7
1548.0,1832.0,7
1488.0,1562.0,7
1451.0,1561.0,7
1464.0,1610.0,7
1488.0,1715.0,7
1410.0,1627.0,7
1411.0,1693.0,7
1391.0,1776.0,7
1370.0,1594.0,7
1361.0,1626.0,7
1334.0,1754.0,7
1313.0,1783.0,7
1274.0,1560.0,7
1178.0,1813.0,7
1140.0,1814.0,7
1080.0,1693.0,7
1042.0,1706.0,7
1004.0,1636.0,3
927.0,1618.0,3
928.0,1667.0,3
869.0,1743.0,3
871.0,1842.0,3
830.0,1765.0,3
811.0,1642.0,3
782.0,1630.0,3
752.0,1611.0,3
713.0,1570.0,3
716.0,1842.0,3
676.0,1751.0,3
676.0,1821.0,3
628.0,1762.0,3
611.0,1716.0,3
634.0,1596.0,3
598.0,1607.0,3
560.0,1646.0,3
560.0,1685.0,3
521.0,1784.0,3
1756.0,1869.0,7
1717.0,1869.0,7
1680.0,1870.0,7
1642.0,1871.0,7
1602.0,1871.0,7
1564.0,1871.0,7
1526.0,1870.0,7
1487.0,1871.0,7
1448.0,1873.0,7
1409.0,1871.0,7
1369.0,1872.0,7
1333.0,1872.0,7
1294.0,1872.0,7
1253.0,1873.0,7
1218.0,1872.0,7
1176.0,1870.0,7
1139.0,1869.0,7
1100.0,1872.0,7
1061.0,1871.0,7
1024.0,1869.0,7
983.0,1871.0,7
945.0,1870.0,7
904.0,1870.0,7
869.0,1870.0,3
829.0,1870.0,3
789.0,1872.0,3
751.0,1867.0,3
713.0,1872.0,3
674.0,1868.0,3
637.0,1869.0,3
596.0,1871.0,3
557.0,1872.0,3
1642.0,1902.0,7
1563.0,1899.0,7
1456.0,1928.0,7
1256.0,1899.0,7
1234.0,1936.0,7
1144.0,1909.0,7
1102.0,1910.0,7
1060.0,1909.0,7
984.0,1898.0,7
948.0,1909.0,7
883.0,1927.0,7
848.0,1907.0,3
769.0,1906.0,3
716.0,1899.0,3
674.0,1908.0,3
599.0,1908.0,3
1475.0,1984.0,7
1428.0,2007.0,7
1429.0,2044.0,7
1430.0,2082.0,7
1430.0,2122.0,7
1429.0,2160.0,7
1429.0,2198.0,7
1430.0,2238.0,7
1429.0,2277.0,7
1428.0,2314.0,7
1432.0,2369.0,7
1428.0,2391.0,7
1429.0,2427.0,7
1425.0,2493.0,7
1380.0,2004.0,7
1410.0,2102.0,7
1380.0,2239.0,7
1409.0,2370.0,7
1352.0,2311.0,7
1351.0,2340.0,7
1351.0,2410.0,7
1313.0,2156.0,7
1270.0,2334.0,7
1274.0,2490.0,7
1379.0,2550.0,7
1343.0,2547.0,7
1362.0,2602.0,7
1291.0,2527.0,7
1265.0,2560.0,7
1286.0,2635.0,7
1363.0,2662.0,7
1369.0,2701.0,7
1394.0,2722.0,7
1371.0,2740.0,7
1370.0,2782.0,7
1370.0,2817.0,7
1369.0,2857.0,4
1409.0,2886.0,4
1369.0,2894.0,4
1369.0,2935.0,4
1273.0,2933.0,4
1272.0,2893.0,4
1273.0,2852.0,4
1274.0,2814.0,7
1275.0,2780.0,7
1272.0,2737.0,7
1271.0,2701.0,7
1273.0,2664.0,7
1234.0,2963.0,4
1272.0,2961.0,4
1390.0,2982.0,4
1252.0,3025.0,4
1343.0,3049.0,4
1372.0,3087.0,4
1372.0,3128.0,4
1373.0,3166.0,4
1371.0,3201.0,4
1372.0,3240.0,4
1369.0,3287.0,4
1369.0,3317.0,4
1374.0,3358.0,4
1328.0,3417.0,4
1294.0,3421.0,4
1271.0,3357.0,4
1276.0,3318.0,4
1274.0,3278.0,4
1233.0,3280.0,4
1273.0,3239.0,4
1275.0,3199.0,4
1273.0,3164.0,4
1276.0,3126.0,4
1275.0,3085.0,4
1224.0,3184.0,4
1194.0,3144.0,4
1320.0,3201.0,4
1322.0,3260.0,4
1392.0,3504.0,4
1423.0,3532.0,4
1399.0,3764.0,4
1408.0,3862.0,4
1439.0,3890.0,4
1370.0,3528.0,4
1370.0,3569.0,4
1368.0,3612.0,4
1369.0,3646.0,4
1371.0,3683.0,4
1370.0,3723.0,4
1370.0,3765.0,4
1367.0,3801.0,4
1368.0,3840.0,4
1367.0,3882.0,4
1331.0,3871.0,4
1332.0,3792.0,4
1312.0,3586.0,4
1274.0,3528.0,4
1272.0,3567.0,4
1272.0,3606.0,4
1272.0,3648.0,4
1273.0,3683.0,4
1272.0,3722.0,4
1273.0,3764.0,4
1274.0,3808.0,4
1274.0,3841.0,4
1274.0,3879.0,4
1234.0,2182.0,7
1248.0,2241.0,7
1226.0,2276.0,7
1195.0,2006.0,7
1198.0,2043.0,7
1199.0,2079.0,7
1197.0,2119.0,7
1199.0,2162.0,7
1196.0,2200.0,7
1198.0,2238.0,7
1195.0,2278.0,7
1197.0,2317.0,7
1198.0,2357.0,7
1196.0,2392.0,7
1197.0,2432.0,7
1206.0,2489.0,7
1157.0,2003.0,7
1157.0,2042.0,7
1158.0,2081.0,7
1158.0,2118.0,7
1159.0,2162.0,7
1156.0,2200.0,7
1156.0,2240.0,7
1156.0,2278.0,7
1159.0,2315.0,7
1157.0,2351.0,7
1160.0,2393.0,7
1159.0,2431.0,7
1155.0,2472.0,7
1161.0,2509.0,7
1119.0,2470.0,7
1191.0,2576.0,7
1119.0,2573.0,7
1194.0,2740.0,7
1155.0,2661.0,7
1159.0,2700.0,7
1159.0,2738.0,7
1160.0,2776.0,7
1161.0,2815.0,7
1159.0,2854.0,4
1157.0,2892.0,4
1163.0,2929.0,4
1108.0,2815.0,7
1108.0,2912.0,4
1082.0,2758.0,7
1062.0,2657.0,7
1063.0,2701.0,7
1064.0,2739.0,7
1062.0,2776.0,7
1063.0,2816.0,7
1061.0,2850.0,7
1060.0,2894.0,4
1059.0,2933.0,4
1176.0,3028.0,4
1158.0,3088.0,4
1160.0,3126.0,4
1155.0,3166.0,4
1158.0,3201.0,4
1159.0,3242.0,4
1157.0,3282.0,4
1158.0,3320.0,4
1158.0,3356.0,4
1109.0,3068.0,4
1121.0,3105.0,4
1097.0,3206.0,4
1064.0,3088.0,4
1062.0,3131.0,4
1064.0,3162.0,4
1062.0,3203.0,4
1061.0,3241.0,4
1059.0,3280.0,4
1061.0,3320.0,4
1062.0,3357.0,4
1213.0,3625.0,4
1224.0,3667.0,4
1186.0,3743.0,4
1204.0,3783.0,4
1157.0,3530.0,4
1158.0,3569.0,4
1159.0,3611.0,4
1160.0,3645.0,4
1153.0,3686.0,4
1158.0,3729.0,4
1158.0,3765.0,4
1156.0,3801.0,4
1157.0,3843.0,4
1157.0,3880.0,4
1118.0,3501.0,4
1118.0,3794.0,4
1118.0,3870.0,4
1059.0,3529.0,4
1061.0,3568.0,4
1063.0,3607.0,4
1062.0,3647.0,4
1061.0,3682.0,4
1062.0,3730.0,4
1059.0,3763.0,4
1061.0,3801.0,4
1059.0,3842.0,4
1060.0,3880.0,4
954.0,1976.0,7
955.0,2023.0,7
1083.0,2026.0,7
1073.0,2061.0,7
1012.0,2100.0,7
1072.0,2198.0,7
981.0,2279.0,7
1050.0,2507.0,7
964.0,2624.0,5
1005.0,2681.0,7
984.0,2719.0,5
1031.0,3009.0,4
1004.0,3059.0,4
970.0,3018.0,0
1003.0,3426.0,0
968.0,3425.0,0
928.0,2006.0,7
928.0,2048.0,7
928.0,2081.0,7
927.0,2122.0,7
927.0,2159.0,7
928.0,2200.0,7
925.0,2241.0,7
927.0,2276.0,7
926.0,2317.0,7
928.0,2354.0,7
926.0,2391.0,7
929.0,2429.0,7
926.0,2469.0,5
924.0,2508.0,5
886.0,2003.0,7
889.0,2045.0,7
888.0,2083.0,7
888.0,2120.0,7
889.0,2159.0,7
887.0,2201.0,7
886.0,2241.0,7
890.0,2276.0,7
886.0,2315.0,5
888.0,2353.0,5
888.0,2392.0,5
886.0,2430.0,5
887.0,2468.0,5
889.0,2509.0,5
910.0,2588.0,5
947.0,2662.0,5
869.0,2633.0,5
947.0,2659.0,5
946.0,2700.0,5
946.0,2740.0,5
946.0,2777.0,5
947.0,2815.0,5
945.0,2856.0,5
947.0,2894.0,5
944.0,2932.0,5
847.0,2929.0,5
848.0,2891.0,5
850.0,2854.0,5
847.0,2813.0,5
848.0,2775.0,5
847.0,2736.0,5
849.0,2699.0,5
849.0,2665.0,5
863.0,2987.0,0
867.0,3019.0,0
944.0,3021.0,0
941.0,3088.0,0
944.0,3127.0,0
945.0,3160.0,0
945.0,3203.0,0
943.0,3242.0,0
945.0,3275.0,0
946.0,3321.0,0
945.0,3359.0,0
849.0,3087.0,0
849.0,3125.0,0
850.0,3162.0,0
848.0,3202.0,0
850.0,3242.0,0
850.0,3283.0,0
853.0,3319.0,0
938.0,3441.0,0
910.0,3440.0,0
943.0,3530.0,0
947.0,3570.0,0
943.0,3609.0,0
946.0,3647.0,0
947.0,3683.0,0
947.0,3725.0,0
947.0,3761.0,0
946.0,3803.0,0
946.0,3843.0,0
946.0,3883.0,0
904.0,3703.0,0
928.0,3742.0,0
904.0,3793.0,0
895.0,3834.0,0
897.0,3859.0,0
867.0,3522.0,0
848.0,3607.0,0
848.0,3647.0,0
849.0,3683.0,0
848.0,3727.0,0
852.0,3757.0,0
850.0,3800.0,0
849.0,3841.0,0
850.0,3878.0,0
826.0,3821.0,0
811.0,3858.0,0
694.0,1955.0,3
824.0,1976.0,7
804.0,2041.0,5
793.0,2081.0,5
762.0,2117.0,5
803.0,2142.0,5
750.0,2159.0,5
773.0,2180.0,5
861.0,2487.0,5
831.0,2503.0,5
842.0,2583.0,5
759.0,2718.0,5
791.0,2779.0,5
780.0,2967.0,0
829.0,3000.0,0
808.0,3237.0,0
819.0,3279.0,0
760.0,3319.0,0
780.0,3424.0,0
808.0,3444.0,0
785.0,3527.0,0
780.0,3572.0,0
748.0,3550.0,0
750.0,3708.0,0
655.0,1966.0,3
656.0,2011.0,5
655.0,2040.0,5
656.0,2082.0,5
658.0,2123.0,5
656.0,2160.0,5
656.0,2198.0,5
658.0,2239.0,5
657.0,2274.0,5
657.0,2314.0,5
657.0,2356.0,5
657.0,2390.0,5
654.0,2430.0,5
655.0,2469.0,5
656.0,2509.0,5
599.0,2004.0,5
597.0,2042.0,5
598.0,2081.0,5
596.0,2122.0,5
598.0,2161.0,5
599.0,2196.0,5
600.0,2239.0,5
597.0,2278.0,5
597.0,2317.0,5
598.0,2354.0,5
597.0,2393.0,5
598.0,2432.0,5
597.0,2516.0,5
598.0,2551.0,5
734.0,2663.0,5
735.0,2701.0,5
735.0,2741.0,5
735.0,2780.0,5
735.0,2814.0,5
734.0,2851.0,5
732.0,2896.0,5
734.0,2932.0,5
704.0,2834.0,5
680.0,2771.0,5
689.0,2693.0,5
697.0,2630.0,5
657.0,2881.0,5
639.0,2595.0,5
636.0,2631.0,5
639.0,2673.0,5
637.0,2708.0,5
635.0,2748.0,5
635.0,2787.0,5
635.0,2822.0,5
636.0,2863.0,5
636.0,2902.0,5
636.0,2944.0,5
598.0,2592.0,5
600.0,2629.0,5
596.0,2671.0,5
598.0,2707.0,5
596.0,2748.0,5
596.0,2787.0,5
597.0,2825.0,5
598.0,2863.0,5
595.0,2900.0,5
595.0,2943.0,5
733.0,3020.0,0
628.0,2998.0,0
547.0,3010.0,0
734.0,3087.0,0
733.0,3125.0,0
736.0,3164.0,0
732.0,3202.0,0
732.0,3237.0,0
733.0,3277.0,0
734.0,3320.0,0
703.0,3459.0,0
692.0,3587.0,0
733.0,3607.0,0
731.0,3644.0,0
733.0,3687.0,0
734.0,3723.0,0
732.0,3767.0,0
732.0,3804.0,0
734.0,3844.0,0
733.0,3880.0,0
674.0,3086.0,0
676.0,3122.0,0
674.0,3169.0,0
674.0,3199.0,0
672.0,3241.0,0
675.0,3279.0,0
677.0,3320.0,0
676.0,3359.0,0
675.0,3396.0,0
674.0,3436.0,0
666.0,3472.0,0
676.0,3531.0,0
675.0,3571.0,0
672.0,3609.0,0
674.0,3648.0,0
675.0,3684.0,0
675.0,3726.0,0
674.0,3764.0,0
674.0,3802.0,0
674.0,3844.0,0
676.0,3877.0,0
578.0,3144.0,0
620.0,3223.0,0
640.0,3271.0,0
607.0,3341.0,0
636.0,3439.0,0
597.0,3533.0,0
609.0,3940.0,0
438.0,49.0,9
417.0,284.0,9
457.0,122.0,9
453.0,162.0,9
454.0,202.0,9
456.0,242.0,9
457.0,282.0,9
457.0,320.0,9
456.0,361.0,9
484.0,185.0,9
524.0,122.0,9
525.0,166.0,9
526.0,204.0,9
523.0,245.0,9
524.0,283.0,9
526.0,323.0,9
524.0,361.0,9
559.0,390.0,9
390.0,410.0,9
363.0,47.0,9
339.0,124.0,9
340.0,165.0,9
340.0,204.0,9
342.0,243.0,9
341.0,282.0,9
341.0,323.0,9
342.0,359.0,9
322.0,48.0,9
302.0,127.0,9
300.0,163.0,9
302.0,203.0,9
301.0,244.0,9
302.0,285.0,9
305.0,325.0,9
304.0,362.0,9
247.0,382.0,9
223.0,282.0,9
212.0,110.0,9
233.0,50.0,9
169.0,41.0,9
186.0,128.0,9
186.0,164.0,9
186.0,203.0,9
189.0,246.0,9
186.0,285.0,9
186.0,322.0,9
188.0,361.0,9
148.0,358.0,9
147.0,322.0,9
147.0,287.0,9
150.0,244.0,9
149.0,207.0,9
149.0,166.0,9
149.0,129.0,9
111.0,168.0,9
91.0,51.0,9
54.0,48.0,9
33.0,126.0,9
33.0,167.0,9
35.0,118.0,9
35.0,248.0,9
33.0,360.0,9
31.0,364.0,9
33.0,368.0,9
34.0,372.0,9
33.0,323.0,9
34.0,362.0,9
63.0,360.0,9
90.0,324.0,9
534.0,473.0,9
529.0,610.0,9
494.0,504.0,9
467.0,475.0,9
437.0,532.0,9
454.0,603.0,9
397.0,524.0,9
415.0,479.0,9
366.0,604.0,9
322.0,524.0,9
312.0,465.0,9
272.0,522.0,9
273.0,571.0,9
262.0,436.0,9
229.0,452.0,9
224.0,484.0,9
119.0,573.0,9
117.0,526.0,9
54.0,574.0,9
52.0,493.0,9
64.0,453.0,9
4.0,554.0,9
-47.0,512.0,9
4.0,602.0,9
34.0,632.0,9
12.0,666.0,9
550.0,691.0,9
525.0,650.0,9
525.0,689.0,9
521.0,729.0,9
523.0,766.0,9
523.0,805.0,9
521.0,841.0,9
527.0,884.0,9
455.0,1299.0,3
427.0,884.0,9
428.0,843.0,9
429.0,804.0,9
428.0,768.0,9
427.0,728.0,9
426.0,685.0,9
430.0,648.0,9
370.0,725.0,9
387.0,781.0,9
367.0,823.0,9
311.0,883.0,9
311.0,839.0,9
313.0,801.0,9
313.0,767.0,9
309.0,724.0,9
311.0,685.0,9
316.0,649.0,9
234.0,650.0,9
234.0,685.0,9
234.0,724.0,9
212.0,745.0,9
233.0,764.0,9
233.0,802.0,9
235.0,843.0,9
236.0,885.0,9
158.0,670.0,9
117.0,646.0,9
118.0,688.0,9
119.0,728.0,9
118.0,767.0,9
120.0,805.0,9
119.0,842.0,9
120.0,882.0,9
544.0,1038.0,3
522.0,951.0,3
477.0,1046.0,3
475.0,979.0,3
449.0,1050.0,3
396.0,976.0,3
299.0,941.0,3
243.0,918.0,9
262.0,991.0,3
214.0,951.0,3
205.0,987.0,3
225.0,1026.0,3
166.0,979.0,3
127.0,1015.0,3
106.0,972.0,3
89.0,1017.0,3
23.0,968.0,3
-61.0,801.0,9
-57.0,32.0,9
523.0,1103.0,3
524.0,1143.0,3
523.0,1183.0,3
522.0,1223.0,3
523.0,1256.0,3
523.0,1296.0,3
523.0,1337.0,3
523.0,1377.0,3
526.0,1415.0,3
523.0,1454.0,3
476.0,1084.0,3
476.0,1121.0,3
475.0,1162.0,3
475.0,1199.0,3
477.0,1241.0,3
474.0,1277.0,3
475.0,1316.0,3
478.0,1355.0,3
478.0,1394.0,3
475.0,1431.0,3
475.0,1473.0,3
878.0,1506.0,3
474.0,1549.0,3
475.0,1587.0,3
475.0,1625.0,3
478.0,1665.0,3
475.0,1706.0,3
475.0,1743.0,3
476.0,1781.0,3
476.0,1830.0,3
476.0,1912.0,3
436.0,1087.0,3
439.0,1123.0,3
438.0,1160.0,3
434.0,1202.0,3
436.0,1238.0,3
435.0,1281.0,3
436.0,1320.0,3
435.0,1357.0,3
436.0,1396.0,3
436.0,1435.0,3
438.0,1473.0,3
435.0,1502.0,3
435.0,1552.0,3
434.0,1587.0,3
436.0,1627.0,3
438.0,1665.0,3
437.0,1703.0,3
437.0,1744.0,3
438.0,1781.0,3
438.0,1822.0,3
437.0,1862.0,3
434.0,1900.0,3
391.0,1086.0,3
377.0,1192.0,3
385.0,1230.0,3
367.0,1268.0,3
378.0,1551.0,3
358.0,1841.0,3
346.0,1899.0,3
317.0,1122.0,3
322.0,1162.0,3
322.0,1200.0,3
319.0,1239.0,3
321.0,1277.0,3
319.0,1317.0,3
321.0,1353.0,3
321.0,1394.0,3
320.0,1430.0,3
320.0,1471.0,3
320.0,1550.0,3
321.0,1590.0,3
318.0,1625.0,3
319.0,1664.0,3
320.0,1704.0,3
321.0,1743.0,3
319.0,1784.0,3
321.0,1821.0,3
321.0,1859.0,3
319.0,1899.0,3
279.0,1061.0,3
283.0,1122.0,3
281.0,1161.0,3
281.0,1198.0,3
280.0,1240.0,3
282.0,1274.0,3
281.0,1318.0,3
281.0,1355.0,3
281.0,1395.0,3
281.0,1435.0,3
283.0,1473.0,3
281.0,1550.0,3
281.0,1584.0,3
282.0,1626.0,3
281.0,1667.0,3
281.0,1704.0,3
281.0,1743.0,3
284.0,1783.0,3
283.0,1822.0,3
282.0,1860.0,3
282.0,1900.0,3
216.0,1181.0,3
246.0,1373.0,3
241.0,1433.0,3
230.0,1471.0,3
260.0,1514.0,3
236.0,1541.0,3
235.0,1838.0,3
205.0,1063.0,3
167.0,1100.0,3
170.0,1131.0,3
166.0,1084.0,3
165.0,1202.0,3
167.0,1239.0,3
187.0,1260.0,3
168.0,1281.0,3
167.0,1315.0,3
165.0,1360.0,3
168.0,1391.0,3
167.0,1434.0,3
170.0,1471.0,3
167.0,1550.0,3
166.0,1587.0,3
165.0,1626.0,3
167.0,1665.0,3
167.0,1711.0,3
169.0,1743.0,3
167.0,1781.0,3
167.0,1820.0,3
168.0,1858.0,3
167.0,1901.0,3
131.0,1055.0,3
129.0,1094.0,3
128.0,1132.0,3
125.0,1172.0,3
128.0,1213.0,3
126.0,1250.0,3
128.0,1290.0,3
123.0,1327.0,3
127.0,1367.0,3
128.0,1405.0,3
129.0,1443.0,3
127.0,1485.0,3
128.0,1522.0,3
131.0,1560.0,3
129.0,1599.0,3
130.0,1638.0,3
130.0,1678.0,3
127.0,1713.0,3
128.0,1753.0,3
91.0,1058.0,3
89.0,1097.0,3
87.0,1131.0,3
87.0,1169.0,3
86.0,1211.0,3
86.0,1248.0,3
90.0,1292.0,3
87.0,1240.0,3
90.0,1369.0,3
86.0,1408.0,3
88.0,1445.0,3
90.0,1483.0,3
91.0,1520.0,3
88.0,1558.0,3
94.0,1606.0,3
91.0,1639.0,3
88.0,1676.0,3
89.0,1629.0,3
89.0,1758.0,3
53.0,1057.0,3
49.0,1094.0,3
49.0,1135.0,3
51.0,1175.0,3
51.0,1213.0,3
49.0,1251.0,3
50.0,1288.0,3
50.0,1328.0,3
51.0,1366.0,3
49.0,1404.0,3
51.0,1444.0,3
50.0,1483.0,3
51.0,1522.0,3
50.0,1558.0,3
53.0,1600.0,3
50.0,1637.0,3
50.0,1673.0,3
47.0,1712.0,3
50.0,1754.0,3
49.0,1795.0,3
11.0,1055.0,3
16.0,1095.0,3
12.0,1134.0,3
13.0,1173.0,3
15.0,1210.0,3
12.0,1249.0,3
11.0,1289.0,3
14.0,1328.0,3
13.0,1368.0,3
14.0,1406.0,3
16.0,1441.0,3
13.0,1482.0,3
14.0,1521.0,3
10.0,1561.0,3
12.0,1594.0,3
10.0,1637.0,3
15.0,1678.0,3
15.0,1714.0,3
11.0,1753.0,3
11.0,1793.0,3
21.0,1882.0,3
88.0,1327.0,3
88.0,1712.0,3
503.0,2002.0,5
512.0,2040.0,5
542.0,2099.0,5
521.0,2140.0,5
534.0,2179.0,5
484.0,2098.0,5
434.0,2062.0,5
414.0,2020.0,5
394.0,2137.0,5
426.0,2198.0,5
463.0,2277.0,5
484.0,2313.0,5
415.0,2292.0,5
435.0,2373.0,5
436.0,2437.0,5
463.0,2438.0,5
494.0,2458.0,5
484.0,2516.0,5
484.0,2552.0,5
483.0,2592.0,5
483.0,2630.0,5
484.0,2671.0,5
483.0,2707.0,5
484.0,2748.0,5
482.0,2784.0,5
482.0,2824.0,5
484.0,2863.0,5
485.0,2903.0,5
483.0,2939.0,5
521.0,2941.0,5
520.0,2899.0,5
523.0,2862.0,5
521.0,2823.0,5
521.0,2787.0,5
524.0,2745.0,5
520.0,2709.0,5
521.0,2669.0,5
522.0,2631.0,5
520.0,2593.0,5
473.0,3011.0,0
337.0,1933.0,3
359.0,1964.0,3
368.0,2001.0,5
368.0,2039.0,5
367.0,2079.0,5
367.0,2118.0,5
368.0,2160.0,5
367.0,2197.0,5
367.0,2238.0,5
368.0,2275.0,5
368.0,2313.0,5
370.0,2351.0,5
369.0,2392.0,5
365.0,2427.0,5
322.0,2080.0,5
319.0,2118.0,5
318.0,2156.0,5
319.0,2199.0,5
318.0,2233.0,5
319.0,2274.0,5
319.0,2315.0,5
318.0,2352.0,5
319.0,2394.0,5
318.0,2428.0,5
290.0,1972.0,5
281.0,1999.0,5
282.0,2042.0,5
280.0,2078.0,5
278.0,2115.0,5
280.0,2161.0,5
280.0,2195.0,5
279.0,2236.0,5
281.0,2278.0,5
280.0,2312.0,5
281.0,2355.0,5
280.0,2392.0,5
277.0,2427.0,5
348.0,2503.0,5
385.0,2524.0,5
387.0,2554.0,5
365.0,2582.0,5
376.0,2622.0,5
394.0,2750.0,5
395.0,2952.0,5
308.0,2526.0,5
279.0,2527.0,5
280.0,2563.0,5
321.0,2604.0,5
283.0,2600.0,5
316.0,2640.0,5
282.0,2640.0,5
321.0,2680.0,5
280.0,2679.0,5
320.0,2717.0,5
282.0,2717.0,5
320.0,2757.0,5
279.0,2755.0,5
318.0,2798.0,5
283.0,2794.0,5
319.0,2833.0,5
281.0,2832.0,5
318.0,2870.0,5
282.0,2869.0,5
321.0,2910.0,5
280.0,2910.0,5
320.0,2949.0,5
281.0,2949.0,5
557.0,3089.0,0
559.0,3125.0,0
556.0,3164.0,0
558.0,3201.0,0
558.0,3240.0,0
559.0,3279.0,0
558.0,3317.0,0
559.0,3356.0,0
561.0,3393.0,0
560.0,3437.0,0
490.0,3277.0,0
463.0,3085.0,0
462.0,3122.0,0
464.0,3163.0,0
463.0,3200.0,0
461.0,3235.0,0
464.0,3278.0,0
462.0,3316.0,0
464.0,3355.0,0
463.0,3395.0,0
464.0,3434.0,0
558.0,3532.0,0
559.0,3568.0,0
559.0,3604.0,0
562.0,3645.0,0
558.0,3685.0,0
561.0,3724.0,0
558.0,3766.0,0
559.0,3800.0,0
560.0,3839.0,0
561.0,3879.0,0
520.0,3760.0,0
509.0,3800.0,0
511.0,3840.0,0
509.0,3879.0,0
460.0,3489.0,0
443.0,3519.0,0
452.0,3565.0,0
464.0,3606.0,0
463.0,3644.0,0
461.0,3685.0,0
462.0,3721.0,0
463.0,3761.0,0
462.0,3801.0,0
462.0,3840.0,0
462.0,3877.0,0
444.0,3036.0,0
357.0,3037.0,0
394.0,3260.0,0
397.0,3339.0,0
396.0,3418.0,0
384.0,3512.0,0
388.0,3548.0,0
374.0,3609.0,0
403.0,3646.0,0
424.0,3687.0,0
406.0,3743.0,0
405.0,3906.0,0
442.0,3919.0,0
344.0,3087.0,0
349.0,3124.0,0
346.0,3162.0,0
347.0,3201.0,0
348.0,3238.0,0
347.0,3275.0,0
346.0,3317.0,0
349.0,3358.0,0
347.0,3397.0,0
349.0,3432.0,0
349.0,3477.0,0
347.0,3511.0,0
348.0,3547.0,0
346.0,3604.0,0
346.0,3643.0,0
347.0,3687.0,0
348.0,3724.0,0
346.0,3762.0,0
348.0,3798.0,0
344.0,3839.0,0
347.0,3876.0,0
324.0,3413.0,0
307.0,3501.0,0
296.0,3558.0,0
327.0,3629.0,0
296.0,3743.0,0
270.0,3124.0,0
272.0,3161.0,0
269.0,3197.0,0
272.0,3238.0,0
270.0,3279.0,0
271.0,3318.0,0
273.0,3356.0,0
250.0,3220.0,0
231.0,3288.0,0
221.0,3338.0,0
242.0,3377.0,0
263.0,3453.0,0
252.0,3529.0,0
212.0,3470.0,0
211.0,3514.0,0
272.0,3587.0,0
270.0,3624.0,0
268.0,3665.0,0
270.0,3706.0,0
270.0,3742.0,0
270.0,3784.0,0
270.0,3820.0,0
270.0,3858.0,0
271.0,3916.0,0
213.0,3824.0,0
194.0,3917.0,0
223.0,2021.0,5
222.0,2140.0,5
234.0,2410.0,5
231.0,2490.0,5
202.0,2079.0,5
203.0,2120.0,5
202.0,2159.0,5
203.0,2197.0,5
201.0,2237.0,5
204.0,2274.0,5
204.0,2316.0,5
202.0,2353.0,5
200.0,2392.0,5
204.0,2428.0,5
203.0,2602.0,5
204.0,2643.0,5
205.0,2699.0,5
205.0,2721.0,5
204.0,2759.0,5
204.0,2799.0,5
204.0,2836.0,5
203.0,2877.0,5
204.0,2913.0,5
204.0,2953.0,5
164.0,2003.0,5
165.0,2042.0,5
165.0,2081.0,5
164.0,2120.0,5
164.0,2159.0,5
165.0,2197.0,5
164.0,2233.0,5
164.0,2274.0,5
166.0,2315.0,5
165.0,2351.0,5
164.0,2392.0,5
164.0,2430.0,5
165.0,2487.0,5
164.0,2523.0,5
166.0,2567.0,5
165.0,2602.0,5
166.0,2643.0,5
163.0,2683.0,5
165.0,2721.0,5
165.0,2759.0,5
164.0,2799.0,5
163.0,2837.0,5
166.0,2869.0,5
166.0,2911.0,5
164.0,2954.0,5
128.0,2080.0,5
127.0,2140.0,5
127.0,2180.0,5
125.0,2219.0,5
125.0,2258.0,5
127.0,2296.0,5
125.0,2158.0,5
128.0,2373.0,5
127.0,2416.0,5
126.0,2448.0,5
128.0,2489.0,5
127.0,2528.0,5
127.0,2564.0,5
126.0,2607.0,5
127.0,2642.0,5
126.0,2683.0,5
126.0,2720.0,5
128.0,2760.0,5
127.0,2796.0,5
124.0,2834.0,5
127.0,2874.0,5
129.0,2914.0,5
78.0,1990.0,5
88.0,2137.0,5
90.0,2177.0,5
87.0,2218.0,5
87.0,2258.0,5
90.0,2298.0,5
91.0,2343.0,5
90.0,2373.0,5
92.0,2420.0,5
89.0,2449.0,5
87.0,2489.0,5
86.0,2524.0,5
90.0,2565.0,5
88.0,2604.0,5
89.0,2643.0,5
87.0,2679.0,5
89.0,2718.0,5
89.0,2757.0,5
90.0,2806.0,5
88.0,2835.0,5
87.0,2872.0,5
88.0,2911.0,5
50.0,2137.0,5
50.0,2176.0,5
51.0,2216.0,5
49.0,2257.0,5
50.0,2294.0,5
49.0,2334.0,5
49.0,2370.0,5
48.0,2408.0,5
50.0,2449.0,5
50.0,2489.0,5
50.0,2525.0,5
49.0,2564.0,5
50.0,2603.0,5
50.0,2643.0,5
49.0,2681.0,5
50.0,2717.0,5
50.0,2757.0,5
51.0,2796.0,5
49.0,2834.0,5
49.0,2874.0,5
-23.0,1994.0,5
10.0,2137.0,5
12.0,2178.0,5
11.0,2217.0,5
11.0,2256.0,5
11.0,2292.0,5
11.0,2333.0,5
13.0,2378.0,5
10.0,2411.0,5
9.0,2448.0,5
10.0,2484.0,5
9.0,2524.0,5
11.0,2563.0,5
10.0,2601.0,5
10.0,2640.0,5
11.0,2682.0,5
9.0,2718.0,5
10.0,2754.0,5
10.0,2801.0,5
10.0,2834.0,5
11.0,2872.0,5
126.0,2334.0,5
173.0,3143.0,0
174.0,3184.0,0
155.0,3123.0,0
154.0,3162.0,0
156.0,3203.0,0
154.0,3241.0,0
154.0,3278.0,0
154.0,3314.0,0
156.0,3355.0,0
153.0,3397.0,0
136.0,3468.0,0
135.0,3510.0,0
155.0,3551.0,0
156.0,3591.0,0
155.0,3627.0,0
155.0,3665.0,0
154.0,3707.0,0
152.0,3744.0,0
156.0,3791.0,0
155.0,3822.0,0
157.0,3861.0,0
115.0,3547.0,0
114.0,3585.0,0
114.0,3600.0,0
113.0,3610.0,0
113.0,3624.0,0
112.0,3663.0,0
112.0,3699.0,0
112.0,3739.0,0
112.0,3779.0,0
116.0,3819.0,0
113.0,3858.0,0
114.0,3898.0,0
105.0,3102.0,0
103.0,3159.0,0
107.0,3256.0,0
105.0,3295.0,0
105.0,3375.0,0
66.0,3215.0,0
64.0,3374.0,0
75.0,3462.0,0
36.0,3460.0,0
75.0,3546.0,0
37.0,3547.0,0
76.0,3624.0,0
35.0,3622.0,0
77.0,3702.0,0
37.0,3701.0,0
77.0,3778.0,0
37.0,3780.0,0
78.0,3858.0,0
36.0,3856.0,0
-4.0,3873.0,0
17.0,2052.0,5
16.0,2962.0,5
-66.0,3134.0,0
-68.0,3905.0,0
38.0,3941.0,0
