subarea,customer
2.0,1
2.0,2
2.0,3
2.0,4
2.0,5
2.0,6
2.0,7
2.0,8
2.0,9
2.0,10
2.0,11
2.0,12
2.0,13
2.0,14
2.0,15
2.0,16
2.0,17
2.0,18
2.0,19
2.0,20
2.0,21
2.0,22
2.0,23
2.0,24
2.0,25
2.0,26
2.0,27
2.0,28
2.0,29
2.0,30
2.0,31
2.0,32
2.0,33
2.0,34
,35
2.0,36
2.0,37
2.0,38
2.0,39
2.0,40
2.0,41
2.0,42
2.0,43
2.0,44
2.0,45
2.0,46
2.0,47
2.0,48
2.0,49
2.0,50
2.0,51
2.0,52
2.0,53
2.0,54
2.0,55
2.0,56
2.0,57
2.0,58
2.0,59
2.0,60
2.0,61
2.0,62
2.0,63
2.0,64
2.0,65
2.0,66
2.0,67
2.0,68
2.0,69
2.0,70
2.0,71
2.0,72
2.0,73
2.0,74
2.0,75
2.0,76
2.0,77
2.0,78
8.0,79
8.0,80
8.0,81
8.0,82
8.0,83
2.0,84
2.0,85
2.0,86
2.0,87
2.0,88
2.0,89
2.0,90
8.0,91
8.0,92
8.0,93
8.0,94
8.0,95
2.0,96
2.0,97
2.0,98
2.0,99
2.0,100
2.0,101
2.0,102
2.0,103
2.0,104
8.0,105
8.0,106
8.0,107
8.0,108
2.0,109
2.0,110
2.0,111
2.0,112
2.0,113
2.0,114
2.0,115
2.0,116
2.0,117
2.0,118
8.0,119
8.0,120
8.0,121
8.0,122
2.0,123
2.0,124
2.0,125
2.0,126
2.0,127
2.0,128
2.0,129
2.0,130
2.0,131
8.0,132
8.0,133
8.0,134
8.0,135
8.0,136
8.0,137
8.0,138
2.0,139
2.0,140
2.0,141
2.0,142
2.0,143
2.0,144
2.0,145
2.0,146
2.0,147
2.0,148
8.0,149
8.0,150
8.0,151
8.0,152
8.0,153
8.0,154
8.0,155
8.0,156
8.0,157
2.0,158
2.0,159
2.0,160
2.0,161
2.0,162
2.0,163
2.0,164
8.0,165
8.0,166
8.0,167
8.0,168
8.0,169
8.0,170
8.0,171
8.0,172
8.0,173
8.0,174
8.0,175
8.0,176
2.0,177
2.0,178
2.0,179
2.0,180
8.0,181
8.0,182
8.0,183
8.0,184
8.0,185
8.0,186
8.0,187
8.0,188
8.0,189
8.0,190
8.0,191
8.0,192
8.0,193
8.0,194
8.0,195
8.0,196
8.0,197
8.0,198
8.0,199
2.0,200
2.0,201
2.0,202
2.0,203
2.0,204
2.0,205
2.0,206
2.0,207
8.0,208
8.0,209
8.0,210
8.0,211
8.0,212
8.0,213
8.0,214
8.0,215
8.0,216
8.0,217
8.0,218
8.0,219
8.0,220
8.0,221
8.0,222
8.0,223
2.0,224
2.0,225
2.0,226
2.0,227
2.0,228
2.0,229
8.0,230
8.0,231
8.0,232
8.0,233
8.0,234
8.0,235
8.0,236
8.0,237
8.0,238
8.0,239
2.0,240
2.0,241
2.0,242
2.0,243
2.0,244
8.0,245
8.0,246
8.0,247
8.0,248
8.0,249
8.0,250
8.0,251
8.0,252
8.0,253
8.0,254
8.0,255
8.0,256
8.0,257
2.0,258
2.0,259
8.0,260
8.0,261
8.0,262
8.0,263
8.0,264
8.0,265
8.0,266
8.0,267
8.0,268
8.0,269
8.0,270
8.0,271
8.0,272
2.0,273
2.0,274
1.0,275
1.0,276
8.0,277
8.0,278
8.0,279
8.0,280
8.0,281
8.0,282
8.0,283
8.0,284
8.0,285
8.0,286
8.0,287
8.0,288
8.0,289
8.0,290
2.0,291
1.0,292
8.0,293
8.0,294
8.0,295
8.0,296
8.0,297
8.0,298
8.0,299
8.0,300
8.0,301
8.0,302
8.0,303
8.0,304
8.0,305
8.0,306
8.0,307
8.0,308
8.0,309
8.0,310
8.0,311
8.0,312
8.0,313
8.0,314
8.0,315
8.0,316
8.0,317
8.0,318
2.0,319
8.0,320
8.0,321
8.0,322
8.0,323
8.0,324
8.0,325
8.0,326
8.0,327
8.0,328
8.0,329
8.0,330
8.0,331
8.0,332
8.0,333
8.0,334
8.0,335
8.0,336
8.0,337
8.0,338
8.0,339
8.0,340
8.0,341
8.0,342
8.0,343
8.0,344
8.0,345
8.0,346
8.0,347
8.0,348
8.0,349
8.0,350
8.0,351
8.0,352
8.0,353
8.0,354
2.0,355
8.0,356
8.0,357
8.0,358
8.0,359
8.0,360
8.0,361
8.0,362
8.0,363
8.0,364
8.0,365
8.0,366
8.0,367
8.0,368
8.0,369
8.0,370
8.0,371
8.0,372
8.0,373
8.0,374
8.0,375
8.0,376
8.0,377
8.0,378
8.0,379
8.0,380
8.0,381
8.0,382
8.0,383
8.0,384
8.0,385
8.0,386
8.0,387
8.0,388
8.0,389
1.0,390
1.0,391
1.0,392
1.0,393
8.0,394
8.0,395
8.0,396
8.0,397
8.0,398
8.0,399
8.0,400
8.0,401
8.0,402
8.0,403
8.0,404
8.0,405
8.0,406
8.0,407
8.0,408
8.0,409
8.0,410
8.0,411
8.0,412
8.0,413
8.0,414
8.0,415
8.0,416
8.0,417
8.0,418
8.0,419
8.0,420
8.0,421
8.0,422
8.0,423
1.0,424
8.0,425
8.0,426
8.0,427
8.0,428
8.0,429
8.0,430
8.0,431
8.0,432
8.0,433
8.0,434
8.0,435
8.0,436
8.0,437
8.0,438
8.0,439
8.0,440
8.0,441
8.0,442
8.0,443
8.0,444
8.0,445
8.0,446
1.0,447
8.0,448
8.0,449
8.0,450
1.0,451
8.0,452
8.0,453
8.0,454
8.0,455
8.0,456
8.0,457
8.0,458
8.0,459
8.0,460
8.0,461
8.0,462
8.0,463
8.0,464
8.0,465
8.0,466
8.0,467
8.0,468
8.0,469
8.0,470
8.0,471
1.0,472
8.0,473
1.0,474
1.0,475
1.0,476
1.0,477
1.0,478
8.0,479
8.0,480
8.0,481
8.0,482
8.0,483
8.0,484
8.0,485
8.0,486
8.0,487
8.0,488
8.0,489
8.0,490
8.0,491
8.0,492
8.0,493
8.0,494
8.0,495
17.0,496
17.0,497
8.0,498
8.0,499
8.0,500
8.0,501
8.0,502
1.0,503
1.0,504
1.0,505
1.0,506
1.0,507
1.0,508
1.0,509
8.0,510
8.0,511
8.0,512
8.0,513
8.0,514
8.0,515
8.0,516
8.0,517
8.0,518
8.0,519
8.0,520
8.0,521
8.0,522
8.0,523
8.0,524
8.0,525
8.0,526
8.0,527
17.0,528
17.0,529
17.0,530
8.0,531
8.0,532
8.0,533
8.0,534
1.0,535
1.0,536
1.0,537
1.0,538
1.0,539
1.0,540
1.0,541
1.0,542
8.0,543
8.0,544
8.0,545
8.0,546
8.0,547
8.0,548
8.0,549
8.0,550
8.0,551
8.0,552
8.0,553
8.0,554
8.0,555
8.0,556
8.0,557
17.0,558
17.0,559
17.0,560
17.0,561
8.0,562
8.0,563
8.0,564
1.0,565
1.0,566
1.0,567
1.0,568
1.0,569
1.0,570
1.0,571
1.0,572
1.0,573
1.0,574
1.0,575
1.0,576
1.0,577
1.0,578
1.0,579
8.0,580
8.0,581
8.0,582
8.0,583
8.0,584
8.0,585
8.0,586
8.0,587
8.0,588
8.0,589
8.0,590
8.0,591
8.0,592
17.0,593
17.0,594
17.0,595
17.0,596
8.0,597
8.0,598
1.0,599
13.0,600
13.0,601
13.0,602
1.0,603
1.0,604
1.0,605
1.0,606
1.0,607
1.0,608
1.0,609
1.0,610
1.0,611
1.0,612
1.0,613
1.0,614
8.0,615
8.0,616
8.0,617
8.0,618
8.0,619
8.0,620
8.0,621
8.0,622
8.0,623
8.0,624
8.0,625
8.0,626
8.0,627
8.0,628
8.0,629
8.0,630
17.0,631
17.0,632
17.0,633
17.0,634
17.0,635
17.0,636
17.0,637
8.0,638
13.0,639
13.0,640
13.0,641
13.0,642
13.0,643
1.0,644
1.0,645
1.0,646
1.0,647
1.0,648
1.0,649
1.0,650
1.0,651
1.0,652
1.0,653
1.0,654
8.0,655
8.0,656
8.0,657
8.0,658
8.0,659
8.0,660
8.0,661
8.0,662
8.0,663
8.0,664
8.0,665
8.0,666
8.0,667
8.0,668
17.0,669
17.0,670
17.0,671
17.0,672
17.0,673
17.0,674
13.0,675
13.0,676
13.0,677
13.0,678
13.0,679
13.0,680
1.0,681
1.0,682
1.0,683
1.0,684
1.0,685
1.0,686
1.0,687
8.0,688
8.0,689
8.0,690
8.0,691
8.0,692
8.0,693
8.0,694
8.0,695
8.0,696
8.0,697
8.0,698
8.0,699
8.0,700
8.0,701
8.0,702
17.0,703
17.0,704
17.0,705
17.0,706
13.0,707
13.0,708
13.0,709
13.0,710
13.0,711
1.0,712
1.0,713
1.0,714
8.0,715
8.0,716
8.0,717
8.0,718
8.0,719
8.0,720
8.0,721
8.0,722
8.0,723
8.0,724
8.0,725
8.0,726
8.0,727
8.0,728
8.0,729
8.0,730
8.0,731
8.0,732
17.0,733
17.0,734
17.0,735
17.0,736
17.0,737
17.0,738
17.0,739
17.0,740
13.0,741
13.0,742
13.0,743
13.0,744
13.0,745
13.0,746
1.0,747
9.0,748
9.0,749
8.0,750
8.0,751
8.0,752
8.0,753
8.0,754
8.0,755
8.0,756
8.0,757
8.0,758
8.0,759
17.0,760
17.0,761
17.0,762
17.0,763
17.0,764
17.0,765
17.0,766
17.0,767
17.0,768
17.0,769
17.0,770
13.0,771
13.0,772
13.0,773
13.0,774
1.0,775
1.0,776
1.0,777
8.0,778
8.0,779
8.0,780
8.0,781
8.0,782
8.0,783
8.0,784
8.0,785
8.0,786
8.0,787
8.0,788
17.0,789
17.0,790
17.0,791
17.0,792
17.0,793
17.0,794
17.0,795
17.0,796
13.0,797
13.0,798
13.0,799
7.0,800
9.0,801
12.0,802
12.0,803
12.0,804
8.0,805
8.0,806
8.0,807
8.0,808
8.0,809
8.0,810
8.0,811
17.0,812
8.0,813
8.0,814
17.0,815
17.0,816
17.0,817
17.0,818
17.0,819
17.0,820
13.0,821
13.0,822
13.0,823
7.0,824
7.0,825
9.0,826
9.0,827
12.0,828
12.0,829
12.0,830
12.0,831
12.0,832
12.0,833
16.0,834
16.0,835
8.0,836
8.0,837
8.0,838
8.0,839
8.0,840
17.0,841
17.0,842
8.0,843
8.0,844
17.0,845
17.0,846
17.0,847
17.0,848
17.0,849
17.0,850
17.0,851
13.0,852
13.0,853
13.0,854
13.0,855
13.0,856
13.0,857
13.0,858
7.0,859
7.0,860
7.0,861
9.0,862
9.0,863
12.0,864
12.0,865
12.0,866
12.0,867
12.0,868
12.0,869
16.0,870
16.0,871
16.0,872
16.0,873
16.0,874
16.0,875
16.0,876
8.0,877
8.0,878
8.0,879
8.0,880
17.0,881
17.0,882
8.0,883
17.0,884
17.0,885
17.0,886
17.0,887
17.0,888
17.0,889
17.0,890
13.0,891
13.0,892
13.0,893
13.0,894
7.0,895
7.0,896
9.0,897
9.0,898
9.0,899
9.0,900
,901
12.0,902
12.0,903
12.0,904
12.0,905
12.0,906
12.0,907
12.0,908
16.0,909
16.0,910
16.0,911
16.0,912
16.0,913
16.0,914
16.0,915
16.0,916
16.0,917
8.0,918
8.0,919
8.0,920
8.0,921
8.0,922
8.0,923
17.0,924
17.0,925
17.0,926
17.0,927
17.0,928
17.0,929
17.0,930
17.0,931
17.0,932
17.0,933
17.0,934
17.0,935
13.0,936
13.0,937
13.0,938
13.0,939
9.0,940
9.0,941
9.0,942
9.0,943
9.0,944
12.0,945
12.0,946
12.0,947
12.0,948
12.0,949
12.0,950
12.0,951
12.0,952
16.0,953
16.0,954
16.0,955
16.0,956
16.0,957
16.0,958
16.0,959
16.0,960
16.0,961
16.0,962
8.0,963
8.0,964
8.0,965
8.0,966
17.0,967
17.0,968
17.0,969
17.0,970
17.0,971
17.0,972
17.0,973
17.0,974
13.0,975
13.0,976
13.0,977
13.0,978
13.0,979
13.0,980
7.0,981
7.0,982
9.0,983
9.0,984
9.0,985
9.0,986
9.0,987
9.0,988
9.0,989
12.0,990
12.0,991
12.0,992
12.0,993
12.0,994
12.0,995
12.0,996
12.0,997
16.0,998
16.0,999
16.0,1000
16.0,1001
16.0,1002
16.0,1003
16.0,1004
16.0,1005
16.0,1006
16.0,1007
8.0,1008
8.0,1009
8.0,1010
8.0,1011
8.0,1012
8.0,1013
17.0,1014
17.0,1015
17.0,1016
17.0,1017
17.0,1018
17.0,1019
13.0,1020
13.0,1021
13.0,1022
13.0,1023
13.0,1024
13.0,1025
13.0,1026
13.0,1027
13.0,1028
7.0,1029
7.0,1030
7.0,1031
9.0,1032
9.0,1033
9.0,1034
12.0,1035
12.0,1036
12.0,1037
12.0,1038
12.0,1039
12.0,1040
12.0,1041
12.0,1042
16.0,1043
16.0,1044
16.0,1045
16.0,1046
16.0,1047
16.0,1048
16.0,1049
16.0,1050
16.0,1051
16.0,1052
16.0,1053
16.0,1054
16.0,1055
16.0,1056
16.0,1057
16.0,1058
16.0,1059
17.0,1060
17.0,1061
17.0,1062
17.0,1063
17.0,1064
17.0,1065
17.0,1066
17.0,1067
17.0,1068
13.0,1069
13.0,1070
13.0,1071
13.0,1072
13.0,1073
13.0,1074
13.0,1075
13.0,1076
13.0,1077
13.0,1078
7.0,1079
7.0,1080
9.0,1081
9.0,1082
9.0,1083
12.0,1084
12.0,1085
12.0,1086
12.0,1087
12.0,1088
12.0,1089
12.0,1090
12.0,1091
12.0,1092
12.0,1093
12.0,1094
16.0,1095
16.0,1096
16.0,1097
16.0,1098
16.0,1099
16.0,1100
16.0,1101
16.0,1102
16.0,1103
16.0,1104
16.0,1105
17.0,1106
17.0,1107
17.0,1108
17.0,1109
17.0,1110
17.0,1111
17.0,1112
17.0,1113
17.0,1114
17.0,1115
17.0,1116
17.0,1117
17.0,1118
17.0,1119
17.0,1120
17.0,1121
17.0,1122
17.0,1123
13.0,1124
13.0,1125
13.0,1126
13.0,1127
13.0,1128
13.0,1129
13.0,1130
13.0,1131
13.0,1132
13.0,1133
13.0,1134
13.0,1135
7.0,1136
7.0,1137
9.0,1138
9.0,1139
9.0,1140
9.0,1141
9.0,1142
9.0,1143
9.0,1144
9.0,1145
12.0,1146
12.0,1147
12.0,1148
12.0,1149
12.0,1150
12.0,1151
12.0,1152
12.0,1153
12.0,1154
12.0,1155
16.0,1156
16.0,1157
16.0,1158
16.0,1159
16.0,1160
16.0,1161
16.0,1162
16.0,1163
16.0,1164
16.0,1165
17.0,1166
17.0,1167
17.0,1168
17.0,1169
17.0,1170
17.0,1171
17.0,1172
17.0,1173
17.0,1174
17.0,1175
17.0,1176
17.0,1177
17.0,1178
17.0,1179
17.0,1180
13.0,1181
13.0,1182
13.0,1183
13.0,1184
13.0,1185
13.0,1186
13.0,1187
13.0,1188
13.0,1189
13.0,1190
7.0,1191
7.0,1192
7.0,1193
9.0,1194
9.0,1195
9.0,1196
9.0,1197
9.0,1198
9.0,1199
9.0,1200
9.0,1201
9.0,1202
9.0,1203
9.0,1204
9.0,1205
9.0,1206
9.0,1207
9.0,1208
9.0,1209
9.0,1210
12.0,1211
12.0,1212
12.0,1213
12.0,1214
12.0,1215
12.0,1216
12.0,1217
12.0,1218
12.0,1219
12.0,1220
16.0,1221
16.0,1222
16.0,1223
16.0,1224
16.0,1225
16.0,1226
16.0,1227
16.0,1228
16.0,1229
17.0,1230
17.0,1231
17.0,1232
17.0,1233
17.0,1234
17.0,1235
17.0,1236
17.0,1237
17.0,1238
13.0,1239
13.0,1240
13.0,1241
13.0,1242
13.0,1243
13.0,1244
13.0,1245
13.0,1246
13.0,1247
13.0,1248
7.0,1249
7.0,1250
7.0,1251
9.0,1252
9.0,1253
9.0,1254
9.0,1255
9.0,1256
9.0,1257
9.0,1258
9.0,1259
9.0,1260
9.0,1261
9.0,1262
9.0,1263
9.0,1264
9.0,1265
9.0,1266
9.0,1267
9.0,1268
9.0,1269
9.0,1270
9.0,1271
9.0,1272
12.0,1273
12.0,1274
12.0,1275
12.0,1276
12.0,1277
12.0,1278
12.0,1279
12.0,1280
12.0,1281
12.0,1282
16.0,1283
16.0,1284
16.0,1285
16.0,1286
16.0,1287
16.0,1288
16.0,1289
16.0,1290
16.0,1291
16.0,1292
16.0,1293
16.0,1294
16.0,1295
16.0,1296
16.0,1297
17.0,1298
17.0,1299
17.0,1300
17.0,1301
17.0,1302
17.0,1303
17.0,1304
17.0,1305
13.0,1306
13.0,1307
13.0,1308
13.0,1309
13.0,1310
13.0,1311
13.0,1312
13.0,1313
7.0,1314
7.0,1315
7.0,1316
7.0,1317
9.0,1318
9.0,1319
9.0,1320
9.0,1321
9.0,1322
9.0,1323
9.0,1324
9.0,1325
9.0,1326
9.0,1327
9.0,1328
9.0,1329
9.0,1330
9.0,1331
9.0,1332
9.0,1333
9.0,1334
9.0,1335
9.0,1336
9.0,1337
9.0,1338
9.0,1339
12.0,1340
12.0,1341
12.0,1342
12.0,1343
12.0,1344
12.0,1345
12.0,1346
12.0,1347
12.0,1348
16.0,1349
16.0,1350
16.0,1351
16.0,1352
16.0,1353
16.0,1354
16.0,1355
16.0,1356
16.0,1357
16.0,1358
16.0,1359
16.0,1360
16.0,1361
16.0,1362
16.0,1363
16.0,1364
16.0,1365
16.0,1366
16.0,1367
17.0,1368
17.0,1369
17.0,1370
17.0,1371
17.0,1372
17.0,1373
17.0,1374
17.0,1375
17.0,1376
17.0,1377
17.0,1378
13.0,1379
13.0,1380
13.0,1381
13.0,1382
13.0,1383
13.0,1384
13.0,1385
13.0,1386
13.0,1387
7.0,1388
7.0,1389
7.0,1390
7.0,1391
7.0,1392
7.0,1393
9.0,1394
9.0,1395
9.0,1396
9.0,1397
9.0,1398
9.0,1399
9.0,1400
9.0,1401
9.0,1402
9.0,1403
9.0,1404
9.0,1405
9.0,1406
9.0,1407
9.0,1408
9.0,1409
9.0,1410
9.0,1411
9.0,1412
9.0,1413
9.0,1414
9.0,1415
12.0,1416
12.0,1417
12.0,1418
12.0,1419
12.0,1420
12.0,1421
12.0,1422
12.0,1423
16.0,1424
16.0,1425
16.0,1426
16.0,1427
16.0,1428
16.0,1429
16.0,1430
16.0,1431
16.0,1432
16.0,1433
16.0,1434
16.0,1435
16.0,1436
16.0,1437
16.0,1438
16.0,1439
16.0,1440
16.0,1441
16.0,1442
16.0,1443
16.0,1444
16.0,1445
16.0,1446
17.0,1447
17.0,1448
17.0,1449
17.0,1450
17.0,1451
17.0,1452
17.0,1453
17.0,1454
17.0,1455
17.0,1456
17.0,1457
17.0,1458
17.0,1459
17.0,1460
17.0,1461
17.0,1462
13.0,1463
13.0,1464
13.0,1465
13.0,1466
13.0,1467
13.0,1468
13.0,1469
13.0,1470
13.0,1471
13.0,1472
13.0,1473
13.0,1474
13.0,1475
13.0,1476
7.0,1477
7.0,1478
7.0,1479
9.0,1480
9.0,1481
9.0,1482
9.0,1483
9.0,1484
9.0,1485
9.0,1486
9.0,1487
9.0,1488
9.0,1489
9.0,1490
9.0,1491
9.0,1492
9.0,1493
12.0,1494
12.0,1495
12.0,1496
12.0,1497
12.0,1498
12.0,1499
12.0,1500
12.0,1501
16.0,1502
16.0,1503
16.0,1504
16.0,1505
16.0,1506
16.0,1507
16.0,1508
16.0,1509
16.0,1510
16.0,1511
16.0,1512
16.0,1513
16.0,1514
16.0,1515
16.0,1516
16.0,1517
16.0,1518
16.0,1519
16.0,1520
16.0,1521
16.0,1522
17.0,1523
17.0,1524
17.0,1525
17.0,1526
17.0,1527
17.0,1528
17.0,1529
17.0,1530
17.0,1531
17.0,1532
17.0,1533
17.0,1534
17.0,1535
17.0,1536
17.0,1537
17.0,1538
17.0,1539
17.0,1540
17.0,1541
13.0,1542
13.0,1543
13.0,1544
13.0,1545
13.0,1546
13.0,1547
13.0,1548
13.0,1549
13.0,1550
13.0,1551
13.0,1552
13.0,1553
13.0,1554
7.0,1555
7.0,1556
7.0,1557
7.0,1558
7.0,1559
9.0,1560
9.0,1561
9.0,1562
9.0,1563
9.0,1564
9.0,1565
9.0,1566
9.0,1567
9.0,1568
9.0,1569
9.0,1570
9.0,1571
9.0,1572
9.0,1573
9.0,1574
9.0,1575
12.0,1576
12.0,1577
12.0,1578
12.0,1579
12.0,1580
12.0,1581
16.0,1582
16.0,1583
16.0,1584
16.0,1585
16.0,1586
16.0,1587
16.0,1588
16.0,1589
16.0,1590
16.0,1591
16.0,1592
16.0,1593
16.0,1594
16.0,1595
16.0,1596
16.0,1597
16.0,1598
16.0,1599
16.0,1600
16.0,1601
16.0,1602
16.0,1603
17.0,1604
17.0,1605
17.0,1606
17.0,1607
17.0,1608
17.0,1609
17.0,1610
17.0,1611
17.0,1612
17.0,1613
17.0,1614
17.0,1615
17.0,1616
17.0,1617
17.0,1618
13.0,1619
13.0,1620
13.0,1621
13.0,1622
13.0,1623
13.0,1624
13.0,1625
13.0,1626
13.0,1627
13.0,1628
13.0,1629
13.0,1630
7.0,1631
7.0,1632
7.0,1633
7.0,1634
7.0,1635
7.0,1636
9.0,1637
9.0,1638
9.0,1639
9.0,1640
9.0,1641
9.0,1642
9.0,1643
9.0,1644
9.0,1645
9.0,1646
9.0,1647
9.0,1648
9.0,1649
12.0,1650
12.0,1651
12.0,1652
12.0,1653
12.0,1654
12.0,1655
16.0,1656
16.0,1657
16.0,1658
16.0,1659
16.0,1660
16.0,1661
16.0,1662
16.0,1663
16.0,1664
16.0,1665
16.0,1666
16.0,1667
16.0,1668
16.0,1669
16.0,1670
16.0,1671
16.0,1672
16.0,1673
16.0,1674
16.0,1675
16.0,1676
16.0,1677
16.0,1678
17.0,1679
17.0,1680
17.0,1681
17.0,1682
17.0,1683
17.0,1684
17.0,1685
17.0,1686
17.0,1687
17.0,1688
17.0,1689
17.0,1690
17.0,1691
17.0,1692
17.0,1693
17.0,1694
13.0,1695
13.0,1696
13.0,1697
13.0,1698
13.0,1699
13.0,1700
13.0,1701
13.0,1702
13.0,1703
13.0,1704
13.0,1705
13.0,1706
13.0,1707
13.0,1708
7.0,1709
7.0,1710
7.0,1711
7.0,1712
7.0,1713
7.0,1714
7.0,1715
7.0,1716
7.0,1717
9.0,1718
9.0,1719
9.0,1720
9.0,1721
9.0,1722
9.0,1723
9.0,1724
9.0,1725
9.0,1726
9.0,1727
9.0,1728
9.0,1729
9.0,1730
9.0,1731
9.0,1732
,1733
12.0,1734
12.0,1735
12.0,1736
12.0,1737
16.0,1738
16.0,1739
16.0,1740
16.0,1741
16.0,1742
16.0,1743
16.0,1744
16.0,1745
16.0,1746
16.0,1747
16.0,1748
16.0,1749
16.0,1750
16.0,1751
16.0,1752
16.0,1753
16.0,1754
16.0,1755
16.0,1756
6.0,1757
16.0,1758
16.0,1759
17.0,1760
17.0,1761
17.0,1762
17.0,1763
17.0,1764
17.0,1765
17.0,1766
17.0,1767
17.0,1768
17.0,1769
17.0,1770
17.0,1771
17.0,1772
17.0,1773
17.0,1774
13.0,1775
13.0,1776
13.0,1777
13.0,1778
13.0,1779
13.0,1780
13.0,1781
13.0,1782
13.0,1783
13.0,1784
13.0,1785
13.0,1786
13.0,1787
13.0,1788
7.0,1789
7.0,1790
7.0,1791
7.0,1792
7.0,1793
7.0,1794
7.0,1795
7.0,1796
7.0,1797
7.0,1798
7.0,1799
9.0,1800
9.0,1801
9.0,1802
9.0,1803
9.0,1804
9.0,1805
9.0,1806
9.0,1807
9.0,1808
9.0,1809
9.0,1810
9.0,1811
9.0,1812
9.0,1813
9.0,1814
9.0,1815
9.0,1816
9.0,1817
,1818
12.0,1819
12.0,1820
16.0,1821
16.0,1822
16.0,1823
16.0,1824
16.0,1825
16.0,1826
16.0,1827
16.0,1828
16.0,1829
16.0,1830
16.0,1831
16.0,1832
16.0,1833
16.0,1834
16.0,1835
16.0,1836
6.0,1837
16.0,1838
6.0,1839
6.0,1840
6.0,1841
6.0,1842
6.0,1843
16.0,1844
17.0,1845
17.0,1846
17.0,1847
17.0,1848
17.0,1849
17.0,1850
17.0,1851
17.0,1852
17.0,1853
17.0,1854
17.0,1855
17.0,1856
17.0,1857
17.0,1858
13.0,1859
13.0,1860
13.0,1861
13.0,1862
13.0,1863
13.0,1864
13.0,1865
13.0,1866
13.0,1867
13.0,1868
13.0,1869
13.0,1870
7.0,1871
7.0,1872
7.0,1873
7.0,1874
7.0,1875
7.0,1876
7.0,1877
7.0,1878
7.0,1879
7.0,1880
7.0,1881
7.0,1882
7.0,1883
9.0,1884
9.0,1885
9.0,1886
9.0,1887
9.0,1888
9.0,1889
9.0,1890
9.0,1891
9.0,1892
9.0,1893
9.0,1894
9.0,1895
9.0,1896
9.0,1897
9.0,1898
9.0,1899
9.0,1900
9.0,1901
9.0,1902
9.0,1903
12.0,1904
12.0,1905
16.0,1906
16.0,1907
16.0,1908
16.0,1909
16.0,1910
16.0,1911
16.0,1912
16.0,1913
16.0,1914
16.0,1915
16.0,1916
16.0,1917
16.0,1918
6.0,1919
6.0,1920
6.0,1921
6.0,1922
6.0,1923
6.0,1924
6.0,1925
16.0,1926
17.0,1927
17.0,1928
17.0,1929
17.0,1930
17.0,1931
17.0,1932
17.0,1933
17.0,1934
17.0,1935
17.0,1936
17.0,1937
17.0,1938
17.0,1939
17.0,1940
17.0,1941
17.0,1942
13.0,1943
13.0,1944
13.0,1945
13.0,1946
13.0,1947
13.0,1948
13.0,1949
13.0,1950
13.0,1951
13.0,1952
13.0,1953
13.0,1954
13.0,1955
13.0,1956
13.0,1957
13.0,1958
13.0,1959
7.0,1960
7.0,1961
7.0,1962
7.0,1963
7.0,1964
7.0,1965
7.0,1966
7.0,1967
7.0,1968
7.0,1969
7.0,1970
9.0,1971
9.0,1972
9.0,1973
9.0,1974
9.0,1975
9.0,1976
9.0,1977
9.0,1978
9.0,1979
9.0,1980
9.0,1981
9.0,1982
9.0,1983
9.0,1984
9.0,1985
9.0,1986
9.0,1987
9.0,1988
9.0,1989
9.0,1990
9.0,1991
9.0,1992
9.0,1993
12.0,1994
12.0,1995
12.0,1996
12.0,1997
12.0,1998
16.0,1999
16.0,2000
16.0,2001
16.0,2002
16.0,2003
16.0,2004
16.0,2005
16.0,2006
16.0,2007
16.0,2008
6.0,2009
6.0,2010
6.0,2011
6.0,2012
6.0,2013
6.0,2014
6.0,2015
17.0,2016
17.0,2017
17.0,2018
17.0,2019
17.0,2020
17.0,2021
17.0,2022
17.0,2023
17.0,2024
17.0,2025
17.0,2026
17.0,2027
17.0,2028
17.0,2029
17.0,2030
13.0,2031
13.0,2032
13.0,2033
13.0,2034
13.0,2035
13.0,2036
13.0,2037
13.0,2038
13.0,2039
13.0,2040
13.0,2041
13.0,2042
13.0,2043
13.0,2044
13.0,2045
13.0,2046
7.0,2047
7.0,2048
7.0,2049
7.0,2050
7.0,2051
7.0,2052
7.0,2053
7.0,2054
7.0,2055
7.0,2056
9.0,2057
9.0,2058
9.0,2059
9.0,2060
9.0,2061
9.0,2062
9.0,2063
9.0,2064
9.0,2065
9.0,2066
9.0,2067
9.0,2068
9.0,2069
9.0,2070
9.0,2071
9.0,2072
9.0,2073
9.0,2074
12.0,2075
12.0,2076
12.0,2077
12.0,2078
12.0,2079
12.0,2080
12.0,2081
12.0,2082
16.0,2083
16.0,2084
12.0,2085
12.0,2086
12.0,2087
12.0,2088
16.0,2089
6.0,2090
6.0,2091
6.0,2092
6.0,2093
6.0,2094
6.0,2095
6.0,2096
6.0,2097
6.0,2098
6.0,2099
17.0,2100
17.0,2101
17.0,2102
17.0,2103
17.0,2104
17.0,2105
17.0,2106
17.0,2107
17.0,2108
17.0,2109
17.0,2110
17.0,2111
17.0,2112
13.0,2113
13.0,2114
13.0,2115
13.0,2116
13.0,2117
13.0,2118
13.0,2119
13.0,2120
13.0,2121
13.0,2122
13.0,2123
13.0,2124
13.0,2125
13.0,2126
13.0,2127
13.0,2128
7.0,2129
7.0,2130
7.0,2131
7.0,2132
7.0,2133
7.0,2134
7.0,2135
7.0,2136
3.0,2137
3.0,2138
7.0,2139
7.0,2140
7.0,2141
9.0,2142
9.0,2143
9.0,2144
9.0,2145
9.0,2146
9.0,2147
9.0,2148
9.0,2149
9.0,2150
9.0,2151
9.0,2152
9.0,2153
9.0,2154
9.0,2155
12.0,2156
12.0,2157
12.0,2158
12.0,2159
12.0,2160
12.0,2161
12.0,2162
12.0,2163
12.0,2164
12.0,2165
12.0,2166
12.0,2167
12.0,2168
12.0,2169
6.0,2170
6.0,2171
6.0,2172
6.0,2173
6.0,2174
6.0,2175
6.0,2176
6.0,2177
6.0,2178
6.0,2179
6.0,2180
6.0,2181
6.0,2182
6.0,2183
6.0,2184
6.0,2185
17.0,2186
17.0,2187
17.0,2188
17.0,2189
17.0,2190
17.0,2191
17.0,2192
17.0,2193
17.0,2194
17.0,2195
17.0,2196
17.0,2197
17.0,2198
13.0,2199
13.0,2200
13.0,2201
13.0,2202
13.0,2203
13.0,2204
13.0,2205
13.0,2206
13.0,2207
13.0,2208
13.0,2209
13.0,2210
13.0,2211
13.0,2212
7.0,2213
7.0,2214
7.0,2215
7.0,2216
7.0,2217
7.0,2218
7.0,2219
3.0,2220
3.0,2221
3.0,2222
3.0,2223
3.0,2224
9.0,2225
9.0,2226
9.0,2227
9.0,2228
9.0,2229
9.0,2230
9.0,2231
9.0,2232
9.0,2233
9.0,2234
9.0,2235
9.0,2236
9.0,2237
9.0,2238
9.0,2239
9.0,2240
9.0,2241
9.0,2242
12.0,2243
12.0,2244
12.0,2245
12.0,2246
12.0,2247
12.0,2248
12.0,2249
12.0,2250
12.0,2251
12.0,2252
12.0,2253
12.0,2254
12.0,2255
12.0,2256
12.0,2257
12.0,2258
12.0,2259
6.0,2260
6.0,2261
6.0,2262
6.0,2263
6.0,2264
6.0,2265
6.0,2266
6.0,2267
6.0,2268
6.0,2269
6.0,2270
6.0,2271
6.0,2272
6.0,2273
6.0,2274
6.0,2275
6.0,2276
17.0,2277
17.0,2278
17.0,2279
17.0,2280
17.0,2281
17.0,2282
17.0,2283
17.0,2284
17.0,2285
17.0,2286
17.0,2287
17.0,2288
13.0,2289
13.0,2290
13.0,2291
13.0,2292
13.0,2293
13.0,2294
13.0,2295
13.0,2296
13.0,2297
13.0,2298
13.0,2299
13.0,2300
13.0,2301
13.0,2302
13.0,2303
7.0,2304
7.0,2305
7.0,2306
7.0,2307
7.0,2308
3.0,2309
3.0,2310
3.0,2311
3.0,2312
3.0,2313
9.0,2314
3.0,2315
3.0,2316
9.0,2317
9.0,2318
9.0,2319
9.0,2320
9.0,2321
9.0,2322
9.0,2323
9.0,2324
9.0,2325
9.0,2326
9.0,2327
9.0,2328
9.0,2329
9.0,2330
9.0,2331
9.0,2332
10.0,2333
10.0,2334
10.0,2335
10.0,2336
10.0,2337
10.0,2338
12.0,2339
12.0,2340
6.0,2341
6.0,2342
12.0,2343
12.0,2344
12.0,2345
12.0,2346
12.0,2347
12.0,2348
12.0,2349
12.0,2350
6.0,2351
6.0,2352
6.0,2353
6.0,2354
6.0,2355
6.0,2356
6.0,2357
6.0,2358
6.0,2359
6.0,2360
6.0,2361
6.0,2362
6.0,2363
6.0,2364
6.0,2365
6.0,2366
6.0,2367
17.0,2368
17.0,2369
17.0,2370
17.0,2371
17.0,2372
17.0,2373
17.0,2374
17.0,2375
17.0,2376
17.0,2377
17.0,2378
13.0,2379
13.0,2380
13.0,2381
13.0,2382
13.0,2383
13.0,2384
13.0,2385
13.0,2386
13.0,2387
13.0,2388
13.0,2389
13.0,2390
13.0,2391
13.0,2392
7.0,2393
7.0,2394
7.0,2395
7.0,2396
7.0,2397
7.0,2398
7.0,2399
3.0,2400
3.0,2401
3.0,2402
3.0,2403
3.0,2404
3.0,2405
3.0,2406
3.0,2407
3.0,2408
3.0,2409
3.0,2410
3.0,2411
3.0,2412
3.0,2413
3.0,2414
9.0,2415
9.0,2416
9.0,2417
9.0,2418
9.0,2419
9.0,2420
9.0,2421
9.0,2422
9.0,2423
9.0,2424
9.0,2425
9.0,2426
9.0,2427
10.0,2428
10.0,2429
10.0,2430
10.0,2431
10.0,2432
10.0,2433
10.0,2434
10.0,2435
10.0,2436
6.0,2437
6.0,2438
6.0,2439
12.0,2440
12.0,2441
12.0,2442
12.0,2443
12.0,2444
12.0,2445
12.0,2446
6.0,2447
6.0,2448
6.0,2449
6.0,2450
6.0,2451
6.0,2452
6.0,2453
6.0,2454
6.0,2455
6.0,2456
6.0,2457
6.0,2458
6.0,2459
6.0,2460
6.0,2461
6.0,2462
17.0,2463
17.0,2464
17.0,2465
17.0,2466
17.0,2467
17.0,2468
17.0,2469
17.0,2470
17.0,2471
17.0,2472
17.0,2473
13.0,2474
13.0,2475
13.0,2476
13.0,2477
13.0,2478
13.0,2479
13.0,2480
13.0,2481
13.0,2482
13.0,2483
13.0,2484
13.0,2485
13.0,2486
13.0,2487
13.0,2488
13.0,2489
7.0,2490
7.0,2491
7.0,2492
7.0,2493
3.0,2494
3.0,2495
3.0,2496
3.0,2497
3.0,2498
3.0,2499
3.0,2500
3.0,2501
3.0,2502
3.0,2503
3.0,2504
3.0,2505
9.0,2506
9.0,2507
9.0,2508
9.0,2509
9.0,2510
9.0,2511
9.0,2512
9.0,2513
9.0,2514
9.0,2515
9.0,2516
9.0,2517
9.0,2518
10.0,2519
10.0,2520
10.0,2521
10.0,2522
10.0,2523
10.0,2524
10.0,2525
10.0,2526
10.0,2527
10.0,2528
10.0,2529
10.0,2530
10.0,2531
6.0,2532
6.0,2533
6.0,2534
6.0,2535
6.0,2536
6.0,2537
6.0,2538
6.0,2539
6.0,2540
6.0,2541
6.0,2542
6.0,2543
6.0,2544
6.0,2545
6.0,2546
6.0,2547
6.0,2548
6.0,2549
6.0,2550
6.0,2551
6.0,2552
6.0,2553
6.0,2554
17.0,2555
17.0,2556
17.0,2557
17.0,2558
17.0,2559
17.0,2560
17.0,2561
17.0,2562
17.0,2563
17.0,2564
17.0,2565
17.0,2566
17.0,2567
13.0,2568
13.0,2569
13.0,2570
13.0,2571
13.0,2572
13.0,2573
13.0,2574
13.0,2575
13.0,2576
13.0,2577
13.0,2578
13.0,2579
13.0,2580
13.0,2581
13.0,2582
13.0,2583
13.0,2584
7.0,2585
7.0,2586
7.0,2587
7.0,2588
7.0,2589
7.0,2590
7.0,2591
7.0,2592
7.0,2593
3.0,2594
3.0,2595
3.0,2596
3.0,2597
3.0,2598
3.0,2599
3.0,2600
3.0,2601
3.0,2602
3.0,2603
9.0,2604
9.0,2605
9.0,2606
9.0,2607
9.0,2608
9.0,2609
9.0,2610
9.0,2611
9.0,2612
9.0,2613
9.0,2614
9.0,2615
9.0,2616
9.0,2617
10.0,2618
10.0,2619
10.0,2620
10.0,2621
10.0,2622
10.0,2623
10.0,2624
10.0,2625
10.0,2626
10.0,2627
10.0,2628
10.0,2629
10.0,2630
10.0,2631
6.0,2632
6.0,2633
6.0,2634
6.0,2635
6.0,2636
6.0,2637
6.0,2638
6.0,2639
6.0,2640
6.0,2641
6.0,2642
6.0,2643
6.0,2644
6.0,2645
6.0,2646
6.0,2647
6.0,2648
6.0,2649
6.0,2650
6.0,2651
6.0,2652
6.0,2653
17.0,2654
17.0,2655
17.0,2656
17.0,2657
17.0,2658
17.0,2659
17.0,2660
17.0,2661
17.0,2662
17.0,2663
17.0,2664
17.0,2665
13.0,2666
13.0,2667
13.0,2668
13.0,2669
13.0,2670
13.0,2671
13.0,2672
13.0,2673
13.0,2674
13.0,2675
13.0,2676
13.0,2677
13.0,2678
13.0,2679
13.0,2680
13.0,2681
7.0,2682
7.0,2683
7.0,2684
7.0,2685
7.0,2686
7.0,2687
7.0,2688
7.0,2689
3.0,2690
3.0,2691
3.0,2692
3.0,2693
3.0,2694
3.0,2695
3.0,2696
3.0,2697
3.0,2698
3.0,2699
3.0,2700
3.0,2701
3.0,2702
3.0,2703
3.0,2704
3.0,2705
3.0,2706
3.0,2707
9.0,2708
9.0,2709
9.0,2710
9.0,2711
9.0,2712
9.0,2713
9.0,2714
9.0,2715
9.0,2716
9.0,2717
9.0,2718
10.0,2719
10.0,2720
10.0,2721
10.0,2722
10.0,2723
10.0,2724
10.0,2725
10.0,2726
10.0,2727
10.0,2728
10.0,2729
10.0,2730
10.0,2731
10.0,2732
10.0,2733
6.0,2734
6.0,2735
6.0,2736
6.0,2737
6.0,2738
6.0,2739
6.0,2740
6.0,2741
6.0,2742
6.0,2743
6.0,2744
6.0,2745
6.0,2746
6.0,2747
6.0,2748
6.0,2749
6.0,2750
6.0,2751
6.0,2752
6.0,2753
17.0,2754
17.0,2755
17.0,2756
17.0,2757
17.0,2758
13.0,2759
13.0,2760
13.0,2761
13.0,2762
13.0,2763
13.0,2764
13.0,2765
13.0,2766
13.0,2767
13.0,2768
13.0,2769
13.0,2770
13.0,2771
13.0,2772
13.0,2773
15.0,2774
13.0,2775
13.0,2776
7.0,2777
7.0,2778
7.0,2779
5.0,2780
7.0,2781
5.0,2782
5.0,2783
5.0,2784
3.0,2785
3.0,2786
3.0,2787
3.0,2788
3.0,2789
3.0,2790
3.0,2791
3.0,2792
3.0,2793
3.0,2794
3.0,2795
3.0,2796
3.0,2797
3.0,2798
3.0,2799
3.0,2800
9.0,2801
9.0,2802
9.0,2803
9.0,2804
9.0,2805
9.0,2806
9.0,2807
9.0,2808
9.0,2809
9.0,2810
,2811
10.0,2812
10.0,2813
10.0,2814
10.0,2815
10.0,2816
10.0,2817
10.0,2818
10.0,2819
10.0,2820
10.0,2821
10.0,2822
10.0,2823
10.0,2824
10.0,2825
10.0,2826
10.0,2827
6.0,2828
6.0,2829
6.0,2830
6.0,2831
6.0,2832
6.0,2833
6.0,2834
6.0,2835
6.0,2836
6.0,2837
6.0,2838
6.0,2839
6.0,2840
6.0,2841
6.0,2842
6.0,2843
17.0,2844
17.0,2845
17.0,2846
17.0,2847
17.0,2848
13.0,2849
13.0,2850
13.0,2851
13.0,2852
13.0,2853
13.0,2854
13.0,2855
13.0,2856
13.0,2857
13.0,2858
13.0,2859
13.0,2860
15.0,2861
15.0,2862
13.0,2863
13.0,2864
13.0,2865
13.0,2866
5.0,2867
5.0,2868
5.0,2869
5.0,2870
5.0,2871
5.0,2872
3.0,2873
3.0,2874
3.0,2875
3.0,2876
3.0,2877
3.0,2878
3.0,2879
3.0,2880
3.0,2881
3.0,2882
3.0,2883
3.0,2884
3.0,2885
3.0,2886
3.0,2887
3.0,2888
3.0,2889
3.0,2890
3.0,2891
9.0,2892
9.0,2893
9.0,2894
9.0,2895
9.0,2896
9.0,2897
9.0,2898
9.0,2899
9.0,2900
9.0,2901
10.0,2902
10.0,2903
10.0,2904
10.0,2905
10.0,2906
10.0,2907
10.0,2908
10.0,2909
10.0,2910
10.0,2911
10.0,2912
10.0,2913
10.0,2914
10.0,2915
10.0,2916
10.0,2917
6.0,2918
6.0,2919
6.0,2920
6.0,2921
6.0,2922
6.0,2923
6.0,2924
6.0,2925
6.0,2926
6.0,2927
6.0,2928
6.0,2929
6.0,2930
6.0,2931
6.0,2932
6.0,2933
6.0,2934
6.0,2935
17.0,2936
17.0,2937
17.0,2938
17.0,2939
13.0,2940
13.0,2941
13.0,2942
13.0,2943
13.0,2944
13.0,2945
13.0,2946
13.0,2947
13.0,2948
13.0,2949
13.0,2950
13.0,2951
15.0,2952
15.0,2953
15.0,2954
15.0,2955
15.0,2956
7.0,2957
5.0,2958
5.0,2959
5.0,2960
5.0,2961
5.0,2962
5.0,2963
5.0,2964
5.0,2965
5.0,2966
3.0,2967
3.0,2968
3.0,2969
3.0,2970
3.0,2971
3.0,2972
3.0,2973
3.0,2974
3.0,2975
3.0,2976
3.0,2977
3.0,2978
3.0,2979
3.0,2980
3.0,2981
3.0,2982
9.0,2983
9.0,2984
9.0,2985
9.0,2986
9.0,2987
9.0,2988
9.0,2989
9.0,2990
9.0,2991
10.0,2992
10.0,2993
10.0,2994
10.0,2995
10.0,2996
10.0,2997
10.0,2998
10.0,2999
10.0,3000
10.0,3001
10.0,3002
10.0,3003
10.0,3004
10.0,3005
10.0,3006
10.0,3007
10.0,3008
10.0,3009
6.0,3010
6.0,3011
6.0,3012
6.0,3013
6.0,3014
6.0,3015
6.0,3016
6.0,3017
6.0,3018
6.0,3019
6.0,3020
6.0,3021
6.0,3022
6.0,3023
6.0,3024
6.0,3025
6.0,3026
6.0,3027
6.0,3028
6.0,3029
6.0,3030
6.0,3031
17.0,3032
17.0,3033
17.0,3034
13.0,3035
13.0,3036
13.0,3037
13.0,3038
13.0,3039
13.0,3040
13.0,3041
13.0,3042
13.0,3043
13.0,3044
13.0,3045
13.0,3046
15.0,3047
5.0,3048
5.0,3049
5.0,3050
5.0,3051
5.0,3052
5.0,3053
5.0,3054
5.0,3055
5.0,3056
5.0,3057
3.0,3058
3.0,3059
3.0,3060
3.0,3061
3.0,3062
3.0,3063
3.0,3064
3.0,3065
3.0,3066
3.0,3067
3.0,3068
3.0,3069
3.0,3070
3.0,3071
3.0,3072
3.0,3073
9.0,3074
9.0,3075
9.0,3076
9.0,3077
9.0,3078
9.0,3079
10.0,3080
10.0,3081
10.0,3082
10.0,3083
10.0,3084
10.0,3085
10.0,3086
10.0,3087
10.0,3088
10.0,3089
10.0,3090
10.0,3091
10.0,3092
10.0,3093
10.0,3094
10.0,3095
10.0,3096
6.0,3097
6.0,3098
6.0,3099
6.0,3100
6.0,3101
6.0,3102
6.0,3103
6.0,3104
6.0,3105
6.0,3106
6.0,3107
6.0,3108
6.0,3109
6.0,3110
6.0,3111
6.0,3112
6.0,3113
6.0,3114
6.0,3115
6.0,3116
6.0,3117
6.0,3118
6.0,3119
6.0,3120
17.0,3121
15.0,3122
15.0,3123
15.0,3124
13.0,3125
13.0,3126
13.0,3127
13.0,3128
13.0,3129
13.0,3130
13.0,3131
13.0,3132
15.0,3133
15.0,3134
15.0,3135
15.0,3136
5.0,3137
5.0,3138
5.0,3139
5.0,3140
5.0,3141
5.0,3142
5.0,3143
5.0,3144
5.0,3145
5.0,3146
3.0,3147
3.0,3148
3.0,3149
3.0,3150
3.0,3151
3.0,3152
3.0,3153
3.0,3154
3.0,3155
3.0,3156
3.0,3157
3.0,3158
3.0,3159
3.0,3160
3.0,3161
3.0,3162
9.0,3163
9.0,3164
9.0,3165
,3166
10.0,3167
10.0,3168
10.0,3169
10.0,3170
10.0,3171
10.0,3172
10.0,3173
10.0,3174
10.0,3175
10.0,3176
10.0,3177
10.0,3178
10.0,3179
10.0,3180
10.0,3181
10.0,3182
10.0,3183
10.0,3184
10.0,3185
10.0,3186
10.0,3187
4.0,3188
4.0,3189
4.0,3190
6.0,3191
6.0,3192
6.0,3193
6.0,3194
6.0,3195
6.0,3196
6.0,3197
6.0,3198
6.0,3199
6.0,3200
6.0,3201
6.0,3202
6.0,3203
6.0,3204
6.0,3205
6.0,3206
6.0,3207
6.0,3208
15.0,3209
15.0,3210
15.0,3211
13.0,3212
15.0,3213
15.0,3214
15.0,3215
13.0,3216
13.0,3217
13.0,3218
15.0,3219
15.0,3220
15.0,3221
15.0,3222
15.0,3223
15.0,3224
5.0,3225
5.0,3226
5.0,3227
5.0,3228
5.0,3229
5.0,3230
5.0,3231
5.0,3232
3.0,3233
3.0,3234
3.0,3235
3.0,3236
3.0,3237
3.0,3238
3.0,3239
3.0,3240
3.0,3241
3.0,3242
3.0,3243
3.0,3244
3.0,3245
3.0,3246
3.0,3247
3.0,3248
9.0,3249
10.0,3250
10.0,3251
10.0,3252
10.0,3253
10.0,3254
10.0,3255
10.0,3256
10.0,3257
10.0,3258
10.0,3259
10.0,3260
10.0,3261
10.0,3262
10.0,3263
10.0,3264
10.0,3265
10.0,3266
10.0,3267
10.0,3268
10.0,3269
10.0,3270
10.0,3271
4.0,3272
4.0,3273
4.0,3274
4.0,3275
4.0,3276
4.0,3277
6.0,3278
6.0,3279
6.0,3280
6.0,3281
6.0,3282
6.0,3283
6.0,3284
6.0,3285
6.0,3286
6.0,3287
6.0,3288
6.0,3289
6.0,3290
6.0,3291
6.0,3292
4.0,3293
15.0,3294
15.0,3295
15.0,3296
15.0,3297
15.0,3298
15.0,3299
15.0,3300
15.0,3301
13.0,3302
13.0,3303
15.0,3304
15.0,3305
15.0,3306
15.0,3307
15.0,3308
5.0,3309
5.0,3310
5.0,3311
3.0,3312
3.0,3313
3.0,3314
3.0,3315
3.0,3316
3.0,3317
3.0,3318
3.0,3319
3.0,3320
3.0,3321
3.0,3322
3.0,3323
3.0,3324
3.0,3325
3.0,3326
3.0,3327
3.0,3328
3.0,3329
9.0,3330
10.0,3331
10.0,3332
10.0,3333
10.0,3334
10.0,3335
10.0,3336
10.0,3337
10.0,3338
10.0,3339
10.0,3340
10.0,3341
10.0,3342
10.0,3343
10.0,3344
10.0,3345
10.0,3346
10.0,3347
10.0,3348
10.0,3349
10.0,3350
10.0,3351
10.0,3352
10.0,3353
4.0,3354
4.0,3355
4.0,3356
4.0,3357
4.0,3358
4.0,3359
4.0,3360
4.0,3361
6.0,3362
6.0,3363
6.0,3364
6.0,3365
6.0,3366
6.0,3367
6.0,3368
6.0,3369
6.0,3370
6.0,3371
4.0,3372
4.0,3373
4.0,3374
4.0,3375
15.0,3376
15.0,3377
15.0,3378
15.0,3379
15.0,3380
15.0,3381
13.0,3382
15.0,3383
15.0,3384
15.0,3385
15.0,3386
15.0,3387
5.0,3388
5.0,3389
5.0,3390
5.0,3391
3.0,3392
3.0,3393
3.0,3394
3.0,3395
3.0,3396
3.0,3397
3.0,3398
3.0,3399
3.0,3400
3.0,3401
3.0,3402
3.0,3403
3.0,3404
3.0,3405
3.0,3406
10.0,3407
10.0,3408
10.0,3409
10.0,3410
10.0,3411
10.0,3412
10.0,3413
10.0,3414
10.0,3415
10.0,3416
10.0,3417
10.0,3418
10.0,3419
10.0,3420
10.0,3421
10.0,3422
10.0,3423
10.0,3424
10.0,3425
10.0,3426
10.0,3427
10.0,3428
10.0,3429
4.0,3430
4.0,3431
4.0,3432
10.0,3433
10.0,3434
10.0,3435
4.0,3436
4.0,3437
4.0,3438
4.0,3439
4.0,3440
4.0,3441
4.0,3442
4.0,3443
4.0,3444
4.0,3445
6.0,3446
6.0,3447
6.0,3448
6.0,3449
6.0,3450
4.0,3451
4.0,3452
4.0,3453
4.0,3454
15.0,3455
15.0,3456
15.0,3457
15.0,3458
15.0,3459
15.0,3460
15.0,3461
15.0,3462
15.0,3463
15.0,3464
15.0,3465
15.0,3466
15.0,3467
15.0,3468
5.0,3469
5.0,3470
5.0,3471
5.0,3472
5.0,3473
5.0,3474
5.0,3475
5.0,3476
5.0,3477
3.0,3478
3.0,3479
3.0,3480
3.0,3481
3.0,3482
3.0,3483
3.0,3484
3.0,3485
3.0,3486
3.0,3487
3.0,3488
3.0,3489
3.0,3490
,3491
10.0,3492
10.0,3493
10.0,3494
10.0,3495
10.0,3496
10.0,3497
10.0,3498
10.0,3499
10.0,3500
10.0,3501
10.0,3502
10.0,3503
10.0,3504
10.0,3505
10.0,3506
10.0,3507
10.0,3508
10.0,3509
10.0,3510
10.0,3511
10.0,3512
10.0,3513
4.0,3514
4.0,3515
4.0,3516
4.0,3517
4.0,3518
4.0,3519
4.0,3520
4.0,3521
4.0,3522
4.0,3523
4.0,3524
4.0,3525
4.0,3526
4.0,3527
4.0,3528
4.0,3529
4.0,3530
4.0,3531
4.0,3532
4.0,3533
4.0,3534
4.0,3535
4.0,3536
4.0,3537
4.0,3538
4.0,3539
4.0,3540
15.0,3541
15.0,3542
15.0,3543
15.0,3544
15.0,3545
15.0,3546
15.0,3547
15.0,3548
15.0,3549
15.0,3550
15.0,3551
15.0,3552
15.0,3553
15.0,3554
15.0,3555
15.0,3556
15.0,3557
15.0,3558
15.0,3559
5.0,3560
5.0,3561
5.0,3562
5.0,3563
5.0,3564
5.0,3565
5.0,3566
5.0,3567
5.0,3568
5.0,3569
5.0,3570
5.0,3571
5.0,3572
5.0,3573
5.0,3574
5.0,3575
5.0,3576
5.0,3577
5.0,3578
3.0,3579
3.0,3580
3.0,3581
3.0,3582
3.0,3583
3.0,3584
3.0,3585
3.0,3586
3.0,3587
3.0,3588
3.0,3589
10.0,3590
10.0,3591
10.0,3592
10.0,3593
10.0,3594
10.0,3595
10.0,3596
10.0,3597
10.0,3598
10.0,3599
10.0,3600
10.0,3601
10.0,3602
10.0,3603
10.0,3604
10.0,3605
10.0,3606
10.0,3607
10.0,3608
10.0,3609
10.0,3610
4.0,3611
10.0,3612
4.0,3613
4.0,3614
4.0,3615
4.0,3616
4.0,3617
4.0,3618
4.0,3619
4.0,3620
4.0,3621
4.0,3622
4.0,3623
4.0,3624
4.0,3625
4.0,3626
4.0,3627
4.0,3628
4.0,3629
4.0,3630
4.0,3631
4.0,3632
4.0,3633
4.0,3634
4.0,3635
4.0,3636
4.0,3637
4.0,3638
4.0,3639
15.0,3640
15.0,3641
15.0,3642
15.0,3643
15.0,3644
15.0,3645
15.0,3646
15.0,3647
15.0,3648
15.0,3649
15.0,3650
15.0,3651
15.0,3652
15.0,3653
15.0,3654
15.0,3655
15.0,3656
15.0,3657
5.0,3658
5.0,3659
5.0,3660
5.0,3661
5.0,3662
5.0,3663
5.0,3664
5.0,3665
5.0,3666
5.0,3667
5.0,3668
5.0,3669
5.0,3670
5.0,3671
5.0,3672
5.0,3673
5.0,3674
5.0,3675
5.0,3676
5.0,3677
5.0,3678
5.0,3679
5.0,3680
5.0,3681
3.0,3682
3.0,3683
3.0,3684
3.0,3685
3.0,3686
3.0,3687
3.0,3688
3.0,3689
10.0,3690
10.0,3691
10.0,3692
10.0,3693
10.0,3694
10.0,3695
10.0,3696
10.0,3697
10.0,3698
10.0,3699
10.0,3700
10.0,3701
10.0,3702
10.0,3703
10.0,3704
10.0,3705
10.0,3706
10.0,3707
10.0,3708
10.0,3709
10.0,3710
4.0,3711
4.0,3712
4.0,3713
4.0,3714
4.0,3715
4.0,3716
4.0,3717
4.0,3718
4.0,3719
4.0,3720
4.0,3721
4.0,3722
4.0,3723
4.0,3724
4.0,3725
4.0,3726
4.0,3727
4.0,3728
4.0,3729
4.0,3730
4.0,3731
4.0,3732
4.0,3733
4.0,3734
4.0,3735
4.0,3736
4.0,3737
4.0,3738
4.0,3739
15.0,3740
15.0,3741
15.0,3742
15.0,3743
15.0,3744
15.0,3745
15.0,3746
15.0,3747
15.0,3748
15.0,3749
15.0,3750
15.0,3751
15.0,3752
15.0,3753
15.0,3754
15.0,3755
15.0,3756
15.0,3757
15.0,3758
15.0,3759
15.0,3760
5.0,3761
5.0,3762
5.0,3763
5.0,3764
5.0,3765
5.0,3766
5.0,3767
5.0,3768
5.0,3769
5.0,3770
5.0,3771
5.0,3772
5.0,3773
5.0,3774
5.0,3775
5.0,3776
5.0,3777
5.0,3778
5.0,3779
5.0,3780
5.0,3781
5.0,3782
5.0,3783
5.0,3784
3.0,3785
3.0,3786
3.0,3787
3.0,3788
3.0,3789
3.0,3790
3.0,3791
3.0,3792
3.0,3793
10.0,3794
10.0,3795
10.0,3796
10.0,3797
10.0,3798
10.0,3799
10.0,3800
10.0,3801
10.0,3802
10.0,3803
10.0,3804
10.0,3805
10.0,3806
10.0,3807
10.0,3808
10.0,3809
10.0,3810
10.0,3811
10.0,3812
10.0,3813
18.0,3814
10.0,3815
18.0,3816
4.0,3817
4.0,3818
4.0,3819
4.0,3820
4.0,3821
4.0,3822
4.0,3823
4.0,3824
4.0,3825
4.0,3826
4.0,3827
4.0,3828
4.0,3829
4.0,3830
4.0,3831
4.0,3832
4.0,3833
4.0,3834
4.0,3835
4.0,3836
4.0,3837
4.0,3838
4.0,3839
4.0,3840
15.0,3841
15.0,3842
15.0,3843
15.0,3844
15.0,3845
15.0,3846
15.0,3847
15.0,3848
15.0,3849
15.0,3850
15.0,3851
15.0,3852
15.0,3853
15.0,3854
15.0,3855
15.0,3856
15.0,3857
15.0,3858
15.0,3859
15.0,3860
5.0,3861
5.0,3862
5.0,3863
5.0,3864
5.0,3865
5.0,3866
5.0,3867
5.0,3868
5.0,3869
5.0,3870
5.0,3871
5.0,3872
5.0,3873
5.0,3874
5.0,3875
5.0,3876
5.0,3877
5.0,3878
5.0,3879
5.0,3880
5.0,3881
5.0,3882
5.0,3883
5.0,3884
5.0,3885
3.0,3886
3.0,3887
3.0,3888
3.0,3889
3.0,3890
3.0,3891
3.0,3892
3.0,3893
10.0,3894
10.0,3895
10.0,3896
10.0,3897
10.0,3898
10.0,3899
10.0,3900
10.0,3901
10.0,3902
10.0,3903
10.0,3904
10.0,3905
10.0,3906
10.0,3907
10.0,3908
18.0,3909
18.0,3910
18.0,3911
18.0,3912
18.0,3913
4.0,3914
4.0,3915
4.0,3916
4.0,3917
4.0,3918
4.0,3919
4.0,3920
4.0,3921
4.0,3922
4.0,3923
4.0,3924
4.0,3925
4.0,3926
4.0,3927
4.0,3928
4.0,3929
4.0,3930
4.0,3931
4.0,3932
4.0,3933
4.0,3934
4.0,3935
4.0,3936
15.0,3937
15.0,3938
15.0,3939
15.0,3940
15.0,3941
15.0,3942
15.0,3943
15.0,3944
15.0,3945
15.0,3946
15.0,3947
15.0,3948
15.0,3949
15.0,3950
15.0,3951
15.0,3952
5.0,3953
5.0,3954
5.0,3955
5.0,3956
5.0,3957
5.0,3958
5.0,3959
5.0,3960
5.0,3961
5.0,3962
5.0,3963
5.0,3964
5.0,3965
5.0,3966
5.0,3967
5.0,3968
5.0,3969
5.0,3970
5.0,3971
5.0,3972
5.0,3973
5.0,3974
5.0,3975
3.0,3976
3.0,3977
3.0,3978
,3979
10.0,3980
10.0,3981
10.0,3982
10.0,3983
10.0,3984
10.0,3985
10.0,3986
10.0,3987
10.0,3988
10.0,3989
10.0,3990
18.0,3991
18.0,3992
18.0,3993
18.0,3994
18.0,3995
18.0,3996
18.0,3997
4.0,3998
4.0,3999
4.0,4000
4.0,4001
4.0,4002
4.0,4003
4.0,4004
4.0,4005
4.0,4006
4.0,4007
4.0,4008
4.0,4009
4.0,4010
4.0,4011
4.0,4012
4.0,4013
4.0,4014
4.0,4015
4.0,4016
4.0,4017
4.0,4018
4.0,4019
15.0,4020
15.0,4021
15.0,4022
15.0,4023
15.0,4024
15.0,4025
15.0,4026
15.0,4027
15.0,4028
15.0,4029
15.0,4030
15.0,4031
15.0,4032
15.0,4033
15.0,4034
15.0,4035
15.0,4036
5.0,4037
5.0,4038
5.0,4039
5.0,4040
5.0,4041
5.0,4042
5.0,4043
5.0,4044
5.0,4045
5.0,4046
5.0,4047
5.0,4048
5.0,4049
5.0,4050
5.0,4051
5.0,4052
5.0,4053
5.0,4054
5.0,4055
5.0,4056
5.0,4057
5.0,4058
5.0,4059
5.0,4060
3.0,4061
3.0,4062
10.0,4063
10.0,4064
10.0,4065
10.0,4066
10.0,4067
10.0,4068
10.0,4069
10.0,4070
10.0,4071
10.0,4072
10.0,4073
10.0,4074
10.0,4075
10.0,4076
10.0,4077
18.0,4078
18.0,4079
18.0,4080
18.0,4081
18.0,4082
18.0,4083
4.0,4084
18.0,4085
4.0,4086
4.0,4087
4.0,4088
4.0,4089
4.0,4090
4.0,4091
4.0,4092
4.0,4093
4.0,4094
4.0,4095
4.0,4096
4.0,4097
4.0,4098
4.0,4099
4.0,4100
4.0,4101
4.0,4102
4.0,4103
4.0,4104
4.0,4105
4.0,4106
4.0,4107
15.0,4108
15.0,4109
15.0,4110
15.0,4111
15.0,4112
15.0,4113
15.0,4114
15.0,4115
15.0,4116
15.0,4117
15.0,4118
15.0,4119
15.0,4120
15.0,4121
15.0,4122
15.0,4123
15.0,4124
15.0,4125
15.0,4126
15.0,4127
5.0,4128
5.0,4129
5.0,4130
5.0,4131
5.0,4132
5.0,4133
5.0,4134
5.0,4135
5.0,4136
5.0,4137
5.0,4138
5.0,4139
5.0,4140
5.0,4141
5.0,4142
5.0,4143
5.0,4144
5.0,4145
3.0,4146
3.0,4147
10.0,4148
10.0,4149
10.0,4150
10.0,4151
10.0,4152
10.0,4153
10.0,4154
10.0,4155
10.0,4156
10.0,4157
18.0,4158
18.0,4159
18.0,4160
18.0,4161
18.0,4162
18.0,4163
18.0,4164
18.0,4165
4.0,4166
4.0,4167
18.0,4168
4.0,4169
4.0,4170
4.0,4171
4.0,4172
4.0,4173
4.0,4174
4.0,4175
4.0,4176
4.0,4177
4.0,4178
4.0,4179
4.0,4180
4.0,4181
4.0,4182
4.0,4183
4.0,4184
4.0,4185
4.0,4186
4.0,4187
15.0,4188
15.0,4189
15.0,4190
15.0,4191
15.0,4192
15.0,4193
15.0,4194
15.0,4195
15.0,4196
15.0,4197
15.0,4198
15.0,4199
15.0,4200
15.0,4201
5.0,4202
5.0,4203
5.0,4204
5.0,4205
5.0,4206
5.0,4207
5.0,4208
5.0,4209
5.0,4210
5.0,4211
5.0,4212
5.0,4213
5.0,4214
5.0,4215
5.0,4216
5.0,4217
5.0,4218
5.0,4219
3.0,4220
10.0,4221
10.0,4222
10.0,4223
10.0,4224
10.0,4225
10.0,4226
10.0,4227
10.0,4228
10.0,4229
10.0,4230
18.0,4231
18.0,4232
18.0,4233
18.0,4234
18.0,4235
18.0,4236
18.0,4237
18.0,4238
4.0,4239
4.0,4240
4.0,4241
4.0,4242
4.0,4243
4.0,4244
4.0,4245
4.0,4246
4.0,4247
4.0,4248
4.0,4249
4.0,4250
4.0,4251
4.0,4252
4.0,4253
4.0,4254
4.0,4255
4.0,4256
4.0,4257
4.0,4258
15.0,4259
15.0,4260
15.0,4261
15.0,4262
15.0,4263
15.0,4264
15.0,4265
15.0,4266
15.0,4267
15.0,4268
15.0,4269
15.0,4270
15.0,4271
15.0,4272
15.0,4273
15.0,4274
15.0,4275
15.0,4276
15.0,4277
15.0,4278
15.0,4279
15.0,4280
15.0,4281
5.0,4282
5.0,4283
5.0,4284
5.0,4285
5.0,4286
5.0,4287
5.0,4288
5.0,4289
5.0,4290
5.0,4291
5.0,4292
5.0,4293
5.0,4294
5.0,4295
5.0,4296
5.0,4297
5.0,4298
5.0,4299
5.0,4300
10.0,4301
10.0,4302
10.0,4303
10.0,4304
10.0,4305
10.0,4306
10.0,4307
10.0,4308
10.0,4309
18.0,4310
18.0,4311
18.0,4312
18.0,4313
18.0,4314
18.0,4315
18.0,4316
18.0,4317
18.0,4318
4.0,4319
4.0,4320
4.0,4321
4.0,4322
4.0,4323
4.0,4324
4.0,4325
4.0,4326
4.0,4327
4.0,4328
4.0,4329
4.0,4330
4.0,4331
4.0,4332
4.0,4333
4.0,4334
4.0,4335
15.0,4336
15.0,4337
15.0,4338
15.0,4339
15.0,4340
15.0,4341
15.0,4342
15.0,4343
15.0,4344
15.0,4345
15.0,4346
15.0,4347
15.0,4348
15.0,4349
15.0,4350
15.0,4351
15.0,4352
15.0,4353
15.0,4354
15.0,4355
15.0,4356
5.0,4357
5.0,4358
5.0,4359
5.0,4360
5.0,4361
5.0,4362
5.0,4363
5.0,4364
5.0,4365
5.0,4366
5.0,4367
5.0,4368
5.0,4369
5.0,4370
5.0,4371
5.0,4372
5.0,4373
5.0,4374
5.0,4375
5.0,4376
5.0,4377
5.0,4378
5.0,4379
5.0,4380
5.0,4381
5.0,4382
10.0,4383
10.0,4384
10.0,4385
10.0,4386
10.0,4387
10.0,4388
10.0,4389
10.0,4390
10.0,4391
10.0,4392
18.0,4393
18.0,4394
18.0,4395
18.0,4396
18.0,4397
18.0,4398
18.0,4399
18.0,4400
4.0,4401
4.0,4402
4.0,4403
4.0,4404
4.0,4405
4.0,4406
4.0,4407
4.0,4408
4.0,4409
4.0,4410
4.0,4411
4.0,4412
4.0,4413
4.0,4414
4.0,4415
4.0,4416
4.0,4417
15.0,4418
15.0,4419
15.0,4420
15.0,4421
15.0,4422
15.0,4423
15.0,4424
15.0,4425
15.0,4426
15.0,4427
15.0,4428
15.0,4429
15.0,4430
15.0,4431
15.0,4432
15.0,4433
15.0,4434
15.0,4435
15.0,4436
5.0,4437
5.0,4438
5.0,4439
5.0,4440
5.0,4441
5.0,4442
5.0,4443
5.0,4444
5.0,4445
5.0,4446
5.0,4447
5.0,4448
5.0,4449
5.0,4450
5.0,4451
5.0,4452
5.0,4453
5.0,4454
5.0,4455
5.0,4456
5.0,4457
5.0,4458
5.0,4459
5.0,4460
5.0,4461
10.0,4462
10.0,4463
10.0,4464
10.0,4465
10.0,4466
10.0,4467
10.0,4468
10.0,4469
10.0,4470
10.0,4471
10.0,4472
18.0,4473
18.0,4474
18.0,4475
18.0,4476
18.0,4477
18.0,4478
18.0,4479
18.0,4480
18.0,4481
18.0,4482
4.0,4483
4.0,4484
4.0,4485
4.0,4486
4.0,4487
4.0,4488
4.0,4489
4.0,4490
4.0,4491
4.0,4492
4.0,4493
4.0,4494
4.0,4495
4.0,4496
4.0,4497
4.0,4498
4.0,4499
15.0,4500
15.0,4501
15.0,4502
15.0,4503
15.0,4504
15.0,4505
15.0,4506
15.0,4507
15.0,4508
15.0,4509
15.0,4510
15.0,4511
15.0,4512
15.0,4513
15.0,4514
15.0,4515
15.0,4516
15.0,4517
15.0,4518
15.0,4519
15.0,4520
15.0,4521
5.0,4522
5.0,4523
5.0,4524
5.0,4525
5.0,4526
5.0,4527
5.0,4528
5.0,4529
5.0,4530
5.0,4531
5.0,4532
5.0,4533
5.0,4534
5.0,4535
5.0,4536
5.0,4537
5.0,4538
5.0,4539
5.0,4540
5.0,4541
5.0,4542
5.0,4543
5.0,4544
10.0,4545
10.0,4546
10.0,4547
10.0,4548
10.0,4549
10.0,4550
18.0,4551
18.0,4552
18.0,4553
18.0,4554
18.0,4555
18.0,4556
18.0,4557
18.0,4558
18.0,4559
4.0,4560
4.0,4561
4.0,4562
4.0,4563
4.0,4564
4.0,4565
4.0,4566
4.0,4567
4.0,4568
4.0,4569
4.0,4570
14.0,4571
4.0,4572
4.0,4573
4.0,4574
4.0,4575
4.0,4576
15.0,4577
15.0,4578
15.0,4579
15.0,4580
15.0,4581
15.0,4582
15.0,4583
15.0,4584
15.0,4585
15.0,4586
15.0,4587
15.0,4588
15.0,4589
15.0,4590
15.0,4591
15.0,4592
15.0,4593
15.0,4594
15.0,4595
5.0,4596
5.0,4597
5.0,4598
5.0,4599
5.0,4600
5.0,4601
5.0,4602
5.0,4603
5.0,4604
5.0,4605
5.0,4606
5.0,4607
5.0,4608
5.0,4609
5.0,4610
10.0,4611
10.0,4612
10.0,4613
10.0,4614
10.0,4615
10.0,4616
18.0,4617
18.0,4618
18.0,4619
18.0,4620
18.0,4621
18.0,4622
18.0,4623
18.0,4624
18.0,4625
18.0,4626
18.0,4627
4.0,4628
4.0,4629
4.0,4630
4.0,4631
4.0,4632
4.0,4633
4.0,4634
4.0,4635
4.0,4636
14.0,4637
14.0,4638
14.0,4639
4.0,4640
4.0,4641
4.0,4642
4.0,4643
15.0,4644
15.0,4645
15.0,4646
15.0,4647
15.0,4648
15.0,4649
15.0,4650
15.0,4651
15.0,4652
15.0,4653
15.0,4654
15.0,4655
15.0,4656
15.0,4657
15.0,4658
15.0,4659
15.0,4660
15.0,4661
5.0,4662
5.0,4663
5.0,4664
5.0,4665
5.0,4666
5.0,4667
5.0,4668
5.0,4669
5.0,4670
5.0,4671
5.0,4672
5.0,4673
5.0,4674
5.0,4675
5.0,4676
10.0,4677
10.0,4678
10.0,4679
10.0,4680
10.0,4681
18.0,4682
18.0,4683
18.0,4684
18.0,4685
18.0,4686
18.0,4687
18.0,4688
4.0,4689
4.0,4690
4.0,4691
4.0,4692
4.0,4693
4.0,4694
4.0,4695
4.0,4696
4.0,4697
4.0,4698
14.0,4699
14.0,4700
14.0,4701
14.0,4702
4.0,4703
4.0,4704
15.0,4705
15.0,4706
15.0,4707
15.0,4708
15.0,4709
15.0,4710
15.0,4711
15.0,4712
15.0,4713
15.0,4714
15.0,4715
15.0,4716
15.0,4717
15.0,4718
15.0,4719
15.0,4720
15.0,4721
15.0,4722
15.0,4723
15.0,4724
15.0,4725
15.0,4726
5.0,4727
5.0,4728
5.0,4729
5.0,4730
5.0,4731
5.0,4732
5.0,4733
5.0,4734
5.0,4735
5.0,4736
5.0,4737
5.0,4738
5.0,4739
5.0,4740
5.0,4741
5.0,4742
5.0,4743
10.0,4744
10.0,4745
10.0,4746
10.0,4747
18.0,4748
18.0,4749
18.0,4750
18.0,4751
18.0,4752
18.0,4753
18.0,4754
18.0,4755
18.0,4756
18.0,4757
18.0,4758
4.0,4759
4.0,4760
4.0,4761
4.0,4762
4.0,4763
4.0,4764
14.0,4765
14.0,4766
14.0,4767
14.0,4768
14.0,4769
14.0,4770
14.0,4771
14.0,4772
15.0,4773
15.0,4774
15.0,4775
15.0,4776
15.0,4777
15.0,4778
15.0,4779
15.0,4780
15.0,4781
15.0,4782
15.0,4783
15.0,4784
15.0,4785
15.0,4786
15.0,4787
15.0,4788
15.0,4789
15.0,4790
15.0,4791
15.0,4792
15.0,4793
15.0,4794
5.0,4795
5.0,4796
5.0,4797
5.0,4798
5.0,4799
5.0,4800
5.0,4801
5.0,4802
5.0,4803
5.0,4804
5.0,4805
5.0,4806
5.0,4807
5.0,4808
5.0,4809
5.0,4810
5.0,4811
10.0,4812
10.0,4813
10.0,4814
18.0,4815
18.0,4816
18.0,4817
18.0,4818
18.0,4819
18.0,4820
18.0,4821
18.0,4822
18.0,4823
18.0,4824
18.0,4825
14.0,4826
14.0,4827
14.0,4828
14.0,4829
4.0,4830
14.0,4831
14.0,4832
14.0,4833
14.0,4834
14.0,4835
14.0,4836
14.0,4837
14.0,4838
14.0,4839
14.0,4840
15.0,4841
15.0,4842
15.0,4843
15.0,4844
15.0,4845
15.0,4846
15.0,4847
15.0,4848
15.0,4849
15.0,4850
15.0,4851
15.0,4852
15.0,4853
15.0,4854
15.0,4855
15.0,4856
15.0,4857
15.0,4858
15.0,4859
15.0,4860
15.0,4861
5.0,4862
5.0,4863
5.0,4864
5.0,4865
5.0,4866
5.0,4867
5.0,4868
5.0,4869
5.0,4870
5.0,4871
5.0,4872
5.0,4873
5.0,4874
10.0,4875
10.0,4876
10.0,4877
10.0,4878
10.0,4879
18.0,4880
18.0,4881
18.0,4882
18.0,4883
18.0,4884
18.0,4885
18.0,4886
18.0,4887
18.0,4888
14.0,4889
14.0,4890
14.0,4891
14.0,4892
14.0,4893
14.0,4894
14.0,4895
14.0,4896
14.0,4897
14.0,4898
14.0,4899
14.0,4900
14.0,4901
14.0,4902
14.0,4903
15.0,4904
15.0,4905
15.0,4906
15.0,4907
15.0,4908
15.0,4909
15.0,4910
15.0,4911
15.0,4912
15.0,4913
15.0,4914
15.0,4915
15.0,4916
15.0,4917
15.0,4918
15.0,4919
15.0,4920
15.0,4921
15.0,4922
15.0,4923
15.0,4924
15.0,4925
15.0,4926
15.0,4927
5.0,4928
5.0,4929
5.0,4930
5.0,4931
5.0,4932
5.0,4933
5.0,4934
5.0,4935
5.0,4936
5.0,4937
5.0,4938
5.0,4939
5.0,4940
10.0,4941
18.0,4942
18.0,4943
18.0,4944
18.0,4945
18.0,4946
18.0,4947
18.0,4948
18.0,4949
18.0,4950
14.0,4951
14.0,4952
14.0,4953
14.0,4954
14.0,4955
14.0,4956
14.0,4957
14.0,4958
14.0,4959
14.0,4960
14.0,4961
14.0,4962
15.0,4963
15.0,4964
15.0,4965
15.0,4966
15.0,4967
15.0,4968
15.0,4969
15.0,4970
15.0,4971
15.0,4972
15.0,4973
15.0,4974
15.0,4975
11.0,4976
11.0,4977
15.0,4978
15.0,4979
15.0,4980
15.0,4981
15.0,4982
5.0,4983
5.0,4984
5.0,4985
5.0,4986
5.0,4987
5.0,4988
5.0,4989
5.0,4990
5.0,4991
5.0,4992
,4993
14.0,4994
14.0,4995
14.0,4996
14.0,4997
14.0,4998
14.0,4999
14.0,5000
14.0,5001
14.0,5002
14.0,5003
11.0,5004
11.0,5005
11.0,5006
11.0,5007
15.0,5008
15.0,5009
15.0,5010
15.0,5011
15.0,5012
15.0,5013
15.0,5014
11.0,5015
11.0,5016
11.0,5017
11.0,5018
15.0,5019
15.0,5020
15.0,5021
15.0,5022
15.0,5023
5.0,5024
5.0,5025
5.0,5026
5.0,5027
5.0,5028
5.0,5029
5.0,5030
5.0,5031
5.0,5032
14.0,5033
14.0,5034
14.0,5035
14.0,5036
14.0,5037
14.0,5038
14.0,5039
14.0,5040
14.0,5041
14.0,5042
14.0,5043
14.0,5044
14.0,5045
11.0,5046
11.0,5047
11.0,5048
11.0,5049
11.0,5050
11.0,5051
11.0,5052
15.0,5053
15.0,5054
15.0,5055
15.0,5056
11.0,5057
11.0,5058
11.0,5059
11.0,5060
11.0,5061
11.0,5062
11.0,5063
15.0,5064
15.0,5065
15.0,5066
11.0,5067
5.0,5068
5.0,5069
5.0,5070
5.0,5071
5.0,5072
5.0,5073
5.0,5074
5.0,5075
5.0,5076
5.0,5077
14.0,5078
14.0,5079
14.0,5080
14.0,5081
14.0,5082
14.0,5083
14.0,5084
14.0,5085
14.0,5086
14.0,5087
14.0,5088
14.0,5089
14.0,5090
14.0,5091
14.0,5092
14.0,5093
14.0,5094
11.0,5095
11.0,5096
11.0,5097
11.0,5098
11.0,5099
11.0,5100
15.0,5101
15.0,5102
15.0,5103
15.0,5104
11.0,5105
11.0,5106
11.0,5107
11.0,5108
11.0,5109
11.0,5110
11.0,5111
11.0,5112
11.0,5113
11.0,5114
11.0,5115
11.0,5116
11.0,5117
11.0,5118
11.0,5119
5.0,5120
5.0,5121
5.0,5122
5.0,5123
5.0,5124
5.0,5125
5.0,5126
5.0,5127
5.0,5128
14.0,5129
14.0,5130
14.0,5131
14.0,5132
14.0,5133
14.0,5134
14.0,5135
14.0,5136
14.0,5137
14.0,5138
14.0,5139
14.0,5140
14.0,5141
11.0,5142
11.0,5143
11.0,5144
11.0,5145
11.0,5146
11.0,5147
11.0,5148
15.0,5149
11.0,5150
11.0,5151
11.0,5152
11.0,5153
11.0,5154
11.0,5155
11.0,5156
11.0,5157
11.0,5158
11.0,5159
11.0,5160
11.0,5161
11.0,5162
11.0,5163
5.0,5164
5.0,5165
5.0,5166
5.0,5167
5.0,5168
5.0,5169
5.0,5170
5.0,5171
5.0,5172
14.0,5173
14.0,5174
14.0,5175
14.0,5176
14.0,5177
14.0,5178
14.0,5179
14.0,5180
14.0,5181
14.0,5182
14.0,5183
14.0,5184
11.0,5185
11.0,5186
11.0,5187
11.0,5188
11.0,5189
11.0,5190
11.0,5191
11.0,5192
11.0,5193
11.0,5194
11.0,5195
11.0,5196
11.0,5197
11.0,5198
11.0,5199
11.0,5200
11.0,5201
11.0,5202
11.0,5203
11.0,5204
11.0,5205
11.0,5206
5.0,5207
5.0,5208
5.0,5209
5.0,5210
5.0,5211
5.0,5212
5.0,5213
5.0,5214
5.0,5215
14.0,5216
14.0,5217
14.0,5218
14.0,5219
14.0,5220
14.0,5221
14.0,5222
14.0,5223
14.0,5224
14.0,5225
14.0,5226
14.0,5227
11.0,5228
11.0,5229
11.0,5230
11.0,5231
11.0,5232
11.0,5233
11.0,5234
11.0,5235
11.0,5236
11.0,5237
11.0,5238
11.0,5239
11.0,5240
11.0,5241
11.0,5242
11.0,5243
11.0,5244
11.0,5245
11.0,5246
11.0,5247
11.0,5248
11.0,5249
5.0,5250
5.0,5251
5.0,5252
5.0,5253
5.0,5254
5.0,5255
5.0,5256
5.0,5257
14.0,5258
14.0,5259
14.0,5260
14.0,5261
14.0,5262
14.0,5263
14.0,5264
14.0,5265
14.0,5266
14.0,5267
11.0,5268
11.0,5269
11.0,5270
11.0,5271
11.0,5272
11.0,5273
11.0,5274
11.0,5275
11.0,5276
11.0,5277
11.0,5278
11.0,5279
11.0,5280
11.0,5281
11.0,5282
11.0,5283
11.0,5284
11.0,5285
11.0,5286
11.0,5287
5.0,5288
5.0,5289
5.0,5290
5.0,5291
5.0,5292
14.0,5293
14.0,5294
,5295
11.0,5296
11.0,5297
11.0,5298
11.0,5299
11.0,5300
11.0,5301
11.0,5302
11.0,5303
11.0,5304
11.0,5305
11.0,5306
11.0,5307
11.0,5308
11.0,5309
11.0,5310
11.0,5311
11.0,5312
11.0,5313
11.0,5314
11.0,5315
11.0,5316
11.0,5317
11.0,5318
11.0,5319
11.0,5320
11.0,5321
11.0,5322
11.0,5323
5.0,5324
5.0,5325
5.0,5326
14.0,5327
11.0,5328
11.0,5329
11.0,5330
11.0,5331
11.0,5332
11.0,5333
11.0,5334
11.0,5335
11.0,5336
11.0,5337
11.0,5338
11.0,5339
11.0,5340
11.0,5341
11.0,5342
11.0,5343
11.0,5344
11.0,5345
11.0,5346
11.0,5347
11.0,5348
11.0,5349
11.0,5350
11.0,5351
11.0,5352
11.0,5353
11.0,5354
11.0,5355
11.0,5356
11.0,5357
11.0,5358
11.0,5359
11.0,5360
11.0,5361
11.0,5362
11.0,5363
11.0,5364
11.0,5365
11.0,5366
11.0,5367
11.0,5368
11.0,5369
11.0,5370
11.0,5371
11.0,5372
11.0,5373
11.0,5374
11.0,5375
11.0,5376
11.0,5377
11.0,5378
11.0,5379
11.0,5380
11.0,5381
11.0,5382
11.0,5383
11.0,5384
11.0,5385
11.0,5386
11.0,5387
11.0,5388
11.0,5389
11.0,5390
11.0,5391
11.0,5392
11.0,5393
11.0,5394
11.0,5395
11.0,5396
11.0,5397
11.0,5398
11.0,5399
11.0,5400
11.0,5401
11.0,5402
11.0,5403
11.0,5404
11.0,5405
11.0,5406
11.0,5407
11.0,5408
11.0,5409
,5410
11.0,5411
11.0,5412
11.0,5413
11.0,5414
11.0,5415
11.0,5416
11.0,5417
11.0,5418
11.0,5419
11.0,5420
11.0,5421
11.0,5422
11.0,5423
11.0,5424
11.0,5425
11.0,5426
11.0,5427
11.0,5428
11.0,5429
11.0,5430
11.0,5431
11.0,5432
11.0,5433
11.0,5434
11.0,5435
