identif,cap_lycee,cap_poste,cap_urgenc,cap_mat,x,y
"458","53181","1114","24518","122920",6.6694318086,43.7168133634
"336","1978","193","85856","122304",6.6608073589,43.5819896413
"339","88618","11065","118106","67899",6.8491762731,43.5778010749
"419","39228","1384","39158","113322",6.6665524837,43.6718708411
"420","50366","8641","118106","167623",6.7284658782,43.6697648852
"459","25926","14960","80101","95904",6.7313936799,43.7147056924
"338","46475","3075","46745","122920",6.7805531493,43.5759767849
"385","26768","3926","71434","106408",6.7874030809,43.6226859034
"380","85117","1240","216","194329",6.5427122345,43.6759770386
"381","28333","5551","72786","92412",6.6034755219,43.6305014807
"383","55609","1548","56541","457767",6.6636776706,43.6269295915
"337","4273","90903","216","122920",6.7250092437,43.5812346785
"384","62068","658","122732","46745",6.7255426641,43.6248253495
"1416","1","1","1","1",6.7540781432,43.5811347510
"1415","1","1","1","1",6.6804118914,43.5666774665
"296","12423","40","89506","194329",6.6579415379,43.5370510167
"297","130627","2548","70344","46745",6.7197099554,43.5349501978
"300","65578","11289","269557","270166",6.9049875759,43.5284368760
"1413","1","1","1","1",6.9288866990,43.4976332963
"388","12563","1411","39276","67899",6.9729561165,43.6160563820
"341","25926","1310","117798","159647",6.9698442858,43.5711252790
"1419","1","1","1","1",7.0084445137,43.5724189677
"342","40637","14108","72786","330630",7.0316373715,43.5688469134
"591","18855","3054","155409","122304",6.6780969614,43.8516483036
"387","39126","125962","106716","170405",6.9111098824,43.6183014154
"340","17646","1222","24518","130065",6.9119012895,43.5739465721
"638","50366","1788","72786","67899",6.8674500519,43.8901458895
"502","22559","6604","87499","98663",6.6723156561,43.7617571323
"503","15605","1114","42476","183156",6.7343260799,43.7596477446
"637","33340","21665","89506","110994",6.8053028743,43.8923311840
"504","31409","14108","166558","98663",6.7931652072,43.7548764375
"505","18166","326","143078","90314",6.8591009055,43.7521064895
"548","36672","85045","27953","98663",6.7993175212,43.8024445908
"593","20173","2058","27953","36286",6.8135414672,43.8600522850
"594","47779","6772","9265","170405",6.8644062628,43.8452037894
"592","48131","2320","143078","279505",6.7402047182,43.8495354781
"547","20173","13919","183156","122920",6.7342023789,43.7995525735
"1469","1","1","1","1",6.7472902418,43.8616993271
"1468","1","1","1","1",6.8503664754,43.8762520594
"1476","1","1","1","1",6.7578079919,43.7681003635
"422","37256","1705","21440","98453",6.8548464071,43.6683155342
"461","15814","9325","125962","170405",6.8580281386,43.7086959696
"460","10243","2891","80101","279505",6.7933509528,43.7125627601
"421","17112","276459","269557","113322",6.7903746853,43.6676236968
"386","142826","7865","39158","90314",6.8452236400,43.6202415188
"1422","1","1","1","1",6.8771568263,43.6593732459
"1421","1","1","1","1",6.8799618526,43.6348652440
"1423","1","1","1","1",6.8566224429,43.6547647095
"1420","1","1","1","1",6.9491641587,43.5837454856
"423","62594","1761","125962","98663",6.9141782344,43.6632356383
"494","21783","3195","110930","330630",6.2381200200,43.7755343964
"496","193","24693","110930","67899",6.3573061018,43.7287984911
"328","10695","4578","163070","65356",6.1661186784,43.5975430935
"371","14257","25878","47834","67899",6.2305009087,43.6406732423
"450","13093","10331","80101","154690",6.1115805610,43.7341950000
"417","57584","6772","42476","116948",6.2330366277,43.6856256867
"451","14057","3830","108402","122920",6.1735804021,43.7324048544
"452","41421","847","71434","130065",6.2355763283,43.7305794136
"372","7125","5725","79400","117798",6.2923958251,43.6388155377
"1479","1","1","1","1",6.2080861494,43.7723131400
"501","11712","2748","115916","65356",6.6103006992,43.7638312260
"499","28108","37023","95904","106408",6.4862574899,43.7678735156
"500","76941","125962","87499","116948",6.5482812851,43.7658700218
"454","15423","4005","42476","330630",6.4215398569,43.7248913549
"498","12563","3219","142826","98663",6.4288011436,43.7732579647
"1477","1","1","1","1",6.5956489091,43.7914512864
"330","276459","5036","142826","194329",6.2898156825,43.5938659142
"290","28028","75942","115916","122920",6.2872395784,43.5489176245
"415","31409","5090","115657","183156",6.1091379829,43.6892383300
"370","88618","3747","72786","270166",6.1686020200,43.6424957125
"416","9325","673","42476","98663",6.1710892582,43.6874496416
"1063","48131","14843","31756","159647",5.7137309916,44.5103327825
"1298","1","1","1","1",5.7245244143,44.4923288236
"1084","12485","444","45625","113322",5.7788076666,44.5537518034
"1106","85117","1450","216","143078",5.7829245239,44.5957398192
"1082","37256","4000","14048","143078",5.6607687709,44.5532262666
"1083","7125","32549","42476","95904",5.7186548925,44.5552927744
"1297","1","1","1","1",5.6261956627,44.5699224608
"1091","37256","4000","14048","143078",5.6538550927,44.5999688310
"1105","85117","1450","216","143078",5.7158326939,44.6023585254
"1121","441","2841","115916","38505",5.6572132645,44.6468219794
"1092","55609","2586","46745","159647",5.9728662133,44.5862163697
"1087","55609","2586","46745","159647",5.9675269364,44.5488394246
"1093","27508","25004","38505","70439",6.0195114231,44.5973375315
"1124","10780","4677","87499","90314",5.8992361612,44.6555676437
"1146","25044","3679","216","116948",5.9158735418,44.6890929018
"1148","75942","14920","117798","90314",5.9551487591,44.6848553046
"1162","6606","473","4553","95904",5.9119452134,44.7274162460
"1123","10780","4677","87499","90314",5.8478144469,44.6392606348
"1144","21845","14474","42476","457767",5.8533626700,44.6889307989
"1065","23393","17604","38505","95904",5.8394545945,44.5071679530
"1045","25044","208","38505","154690",5.8371950641,44.4621865397
"1044","35858","13178","151858","90314",5.7743849614,44.4637855554
"1066","12485","3256","125962","117798",5.9023110352,44.5055318265
"1296","1","1","1","1",5.8756018245,44.5363990836
"1086","14257","45268","80101","167623",5.9046241750,44.5505127180
"1107","27953","2645","39276","98663",5.8514281003,44.5933792927
"1108","27953","2645","39276","98663",5.9073194539,44.5982761113
"1064","25192","2253","341975","122732",5.7765945535,44.5087682727
"1085","26795","44511","119535","270166",5.8357948098,44.5511493629
"1111","46619","1753","54881","130065",6.2216666433,44.5867625512
"1094","50679","3004","127012","98663",6.1562122952,44.5436045809
"1095","58716","14306","31756","92412",6.2190995082,44.5417879898
"1279","1","1","1","1",6.1305716227,44.5460752066
"1110","31409","1609","105730","167623",6.1587293877,44.5885806234
"1280","1","1","1","1",6.1644459435,44.5081607058
"1070","115916","6393","38505","116948",6.1536992090,44.4986293178
"1278","1","1","1","1",6.1890432262,44.5308133124
"1029","8133","7421","155409","118678",6.2114225779,44.4068690825
"1282","1","1","1","1",6.2351654572,44.4982421784
"1281","1","1","1","1",6.1606785631,44.4706058993
"1051","26768","2759","4553","194329",6.2139774853,44.4518412287
"1072","18855","5756","155409","154690",6.2793696327,44.4949633090
"1071","11357","3195","56541","98663",6.2165364588,44.4968142067
"1049","24566","8641","54881","113506",6.0883987665,44.4554327325
"1050","12485","1169","115916","95904",6.1511901195,44.4536548611
"1152","1978","53151","107739","270166",6.2268132095,44.6767139014
"1153","46475","26333","46745","36286",6.2898466741,44.6748569595
"1154","37256","8772","21440","113506",6.3427869163,44.6793301388
"1171","65578","6214","269557","154690",6.3512625262,44.7199628060
"1167","49121","5851","85856","127767",6.2491733103,44.7393512693
"1169","49121","5851","85856","127767",6.2592056957,44.7196008650
"1150","15605","1732","42476","110994",6.1007340151,44.6803200718
"1266","1","1","1","1",6.0039948531,44.7014143841
"1151","48619","845","107739","143078",6.1637756298,44.6785349400
"1128","26795","1125","80101","127767",6.2242378738,44.6317378640
"1129","26795","1125","80101","127767",6.2872211463,44.6298824351
"1267","1","1","1","1",6.0783183603,44.7036626910
"1272","1","1","1","1",6.1456852695,44.6574788326
"1127","23393","1360","38505","170405",6.1612504960,44.6335574188
"1265","1","1","1","1",6.0437043381,44.7496741062
"1269","1","1","1","1",6.0600128618,44.6674014697
"1273","1","1","1","1",6.1387550016,44.6318478278
"1165","47779","23373","46745","130065",6.0991369897,44.7134955697
"1270","1","1","1","1",6.0726967912,44.6427352462
"1166","47779","23373","46745","130065",6.1511156668,44.7263783748
"1185","47779","23373","46745","130065",6.1083626556,44.7459411738
"1149","42076","4129","119535","70439",6.0376884452,44.6820692932
"1164","28028","5244","125962","194329",6.0401170215,44.7270503959
"1271","1","1","1","1",6.1280123913,44.6647838943
"1126","27953","1029","142826","127767",6.0982590928,44.6353410960
"1274","1","1","1","1",6.2088325883,44.6478098543
"1264","1","1","1","1",6.0099769834,44.7570320857
"1263","1","1","1","1",6.0269321744,44.7923274913
"1262","1","1","1","1",6.1333053166,44.8213750053
"1198","37833","4801","14048","92412",5.9814096844,44.8003026467
"1163","55609","3009","9265","117798",5.9892291232,44.7339072010
"1183","21609","2189","79400","159647",5.9793993363,44.7737482769
"1201","68765","1170","56541","65356",6.1844416964,44.8179609138
"1202","36672","1548","24518","154690",6.2387445773,44.8249000050
"1184","53743","1819","39276","106408",6.0425494822,44.7720321732
"1200","53743","62594","142826","143078",6.1093505769,44.8055010379
"1427","1","1","1","1",7.1842852567,43.6817386971
"600","28456","31409","39158","159647",7.2368936545,43.8313607264
"644","88618","3752","118106","154690",7.2402297537,43.8762915528
"555","46475","2444","9265","330630",7.2335627957,43.7864310530
"1442","1","1","1","1",7.2416037077,43.7743157562
"1443","1","1","1","1",7.2223260098,43.7592333535
"1456","1","1","1","1",7.2794759191,43.8943642707
"1448","1","1","1","1",7.2030412652,43.8334166848
"1449","1","1","1","1",7.2347150874,43.8163580028
"1447","1","1","1","1",7.1991408560,43.8162089631
"1440","1","1","1","1",7.2642905122,43.7890710905
"780","21234","18166","21440","154690",7.3125281139,44.0086519601
"826","37833","4346","21440","183156",7.3159793133,44.0509098311
"781","1244","1450","163070","38505",7.3743132155,44.0008431839
"827","15037","5396","166558","105730",7.3829311592,44.0523081168
"599","36284","1485","39158","46745",7.1748250796,43.8337562110
"1457","1","1","1","1",7.1836835620,43.8601352935
"943","68765","3069","46745","98453",7.0232446768,44.1895867216
"944","53743","2458","142826","98453",7.0763338288,44.1979641548
"945","27953","3839","71434","167623",7.1388045041,44.1956241168
"991","142826","3145","122732","98453",6.8712305190,44.3052445356
"1015","777","1939","166558","159825",6.8355145366,44.3418281543
"941","35858","3219","80054","330630",6.8889210589,44.2175393058
"942","25926","9736","4553","38505",6.9375897429,44.2109385382
"970","14306","359","119535","36286",6.8919739334,44.2497213585
"971","10780","31409","45625","36286",6.9386452364,44.2383270257
"870","53181","1732","24518","36286",7.2619386261,44.1024044360
"825","26768","8158","85856","143078",7.2536268016,44.0560258575
"777","28623","3414","155409","194329",7.0746993546,44.0253523569
"865","33959","3045","23408","270166",7.0106818930,44.1553228068
"778","57584","2817","42476","38505",7.1972923448,44.0096263547
"823","2294","2723","166558","118678",7.1289960134,44.0608009061
"868","2294","2723","166558","118678",7.1286810861,44.0693701179
"867","37833","1750","14048","38505",7.0698880938,44.1080772186
"824","55449","11433","110930","90314",7.1895193107,44.0639570765
"909","28499","2236","183156","98453",7.1279294137,44.1296331929
"1470","1","1","1","1",7.1454786773,44.0353588051
"690","44098","14811","56541","38505",7.2401950362,43.9205516165
"691","44098","14811","56541","38505",7.2668451813,43.9122172189
"737","44098","14811","56541","38505",7.2662937944,43.9325623301
"738","39228","1384","130065","70439",7.3078767150,43.9651453656
"739","14057","6028","14048","159825",7.3713315517,43.9612476845
"466","33340","29488","89506","167623",7.1649937849,43.6989649139
"510","2910","1170","39158","116948",7.1682657390,43.7438941474
"509","17308","20800","80101","118678",7.0991195501,43.7469144458
"736","193","528","95904","122304",7.2008858434,43.9671056559
"689","12563","7455","166558","183156",7.1765834034,43.9242958681
"734","18855","20800","95904","270166",7.1184586537,43.9784284545
"513","8440","35436","21440","122920",7.3541642940,43.7366136220
"1429","1","1","1","1",7.3303493856,43.6878439513
"1430","1","1","1","1",7.3316703211,43.7087738180
"1432","1","1","1","1",7.3990783532,43.7236177157
"1431","1","1","1","1",7.3212517110,43.7135755850
"512","60422","13497","216","130065",7.2922033752,43.7390757159
"1435","1","1","1","1",7.3430353512,43.7441824415
"1441","1","1","1","1",7.2652406230,43.7524098440
"554","21845","17456","54881","70439",7.1715428332,43.7888245886
"1444","1","1","1","1",7.1669131117,43.7644206252
"1446","1","1","1","1",7.1676726871,43.8145561301
"1426","1","1","1","1",7.1515259203,43.6721234920
"467","42076","4801","117798","122732",7.2269167499,43.6965752714
"468","48131","391","143078","117798",7.2888345115,43.6941504023
"511","3988","1959","269557","117798",7.2302371650,43.7415025592
"1058","1176","2701","116707","122304",6.6533707719,44.4381447977
"1078","75942","1472","117798","122920",6.6532467975,44.4766645390
"1079","16105","352","116707","117798",6.7190810788,44.4810053113
"1288","1","1","1","1",6.5623483128,44.3938123688
"1103","18855","7075","95904","98663",6.7220434673,44.5259662067
"1141","28623","8440","122732","330630",6.8371381415,44.5908669844
"1035","12266","3075","183156","105730",6.5877599994,44.3952459834
"1057","10695","1255","116707","194329",6.6041455735,44.4189631699
"1036","22","4129","85856","113506",6.6504675111,44.3931838071
"1013","2723","816","89506","46745",6.7102221182,44.3461274959
"1037","40637","37543","151858","143078",6.7131704154,44.3910859291
"1287","1","1","1","1",6.6780390982,44.4138496016
"1038","28108","7303","95904","159825",6.7758686338,44.3889523532
"1059","21234","845","89506","38505",6.7335909217,44.4178202569
"1060","28499","11661","27953","118678",6.7868037428,44.4129622614
"1061","15956","844","183156","457767",6.8536136668,44.4459144872
"1080","294","65516","106716","159647",6.7818787982,44.4788682562
"987","90903","7774","269557","90314",6.6431154036,44.3185163239
"988","21609","10356","110930","113322",6.7076245783,44.3193991995
"989","10243","1464","153397","95904",6.7694390901,44.3179045326
"1011","36284","4599","80054","70439",6.5849110007,44.3502841625
"1012","6854","76941","115657","98663",6.6475688577,44.3482236656
"1008","48619","5082","107739","194329",6.4687079945,44.3649539857
"1010","9596","1902","42476","90314",6.4773859433,44.3592697743
"1034","14474","6057","269557","113506",6.5250479589,44.3972724537
"1052","23390","7367","39276","159647",6.2767607849,44.4499918388
"1032","49121","8951","4553","110994",6.3996106061,44.4012182613
"1033","670","6990","341975","279505",6.4623314682,44.3992632143
"1054","17646","8807","24518","46745",6.4023148696,44.4461858008
"1055","36284","5375","130065","130065",6.4351152033,44.4343480104
"1053","2910","8807","116707","154690",6.3395399393,44.4481066949
"578","5096","10936","110930","130065",5.8703094857,43.8758966729
"622","227","1754","107739","105730",5.8725718988,43.9208637795
"577","41421","8777","85856","113322",5.8081449259,43.8775142402
"670","50294","14811","39158","113322",6.0616035157,43.9607587075
"715","36402","2673","115916","457767",6.0640202290,44.0057239679
"624","4331","155911","151858","67899",5.9969880687,43.9175197310
"623","14504","21665","47834","159647",5.9347818061,43.9192094671
"669","15956","10757","183156","170405",5.9993520084,43.9624852698
"410","3528","18338","31756","122304",5.7993256781,43.6976526555
"445","15605","5398","110930","38505",5.8015252949,43.7426161816
"1512","1","1","1","1",5.8864625241,43.9336909928
"490","47411","515","118106","105730",5.9899185441,43.7826301513
"491","6606","7159","107739","113322",6.0519746468,43.7809092053
"448","58378","26333","39158","110994",5.9875694382,43.7376693919
"492","48131","1722","31756","70439",6.1140269779,43.7791529286
"537","33930","1312","70344","154690",6.1164772427,43.8241120893
"536","40","2346","142826","159825",6.0543761843,43.8258697970
"582","1176","1994","163070","92412",6.1189313645,43.8690724556
"449","48131","1819","106716","46745",6.0495768809,43.7359498470
"1480","1","1","1","1",6.0688777242,43.7223809790
"533","27953","1987","142826","38505",5.8680506320,43.8309307502
"534","36402","13178","87499","279505",5.9301628024,43.8292791308
"535","25192","7190","122732","113322",5.9922713454,43.8275921453
"579","32738","6537","118106","130065",5.9324704862,43.8742437075
"580","18166","7901","106716","118678",5.9946278507,43.8725553474
"581","16105","5625","163070","70439",6.0567815023,43.8708315956
"446","23393","40","107739","117798",5.8635435689,43.7410025624
"488","24566","844","23408","106408",5.8657953292,43.7859660378
"489","45202","1522","341975","154690",5.9278587461,43.7843157632
"1489","1","1","1","1",5.9562811780,43.7778418027
"1490","1","1","1","1",5.7450055151,43.7604404020
"1488","1","1","1","1",5.7723214334,43.7814875533
"530","21783","14833","110930","118678",5.6816931212,43.8356733805
"486","53181","1622","153397","98453",5.7416579439,43.7891605625
"487","40401","90903","24518","105730",5.8037283696,43.7875809720
"531","25926","11323","107739","110994",5.7438157148,43.8341278781
"532","276459","1384","71434","159825",5.8059349106,43.8325470003
"621","36672","1819","153397","167623",5.8103584238,43.9224826651
"665","3988","2236","269557","279505",5.7503094463,43.9690369948
"666","8133","4487","155409","330630",5.8125754125,43.9674522486
"712","24961","6057","183156","167623",5.8771074368,44.0108014387
"1516","1","1","1","1",5.7259893929,43.9908267987
"1513","1","1","1","1",5.8505788231,43.9331442564
"1514","1","1","1","1",5.8414890827,43.9575059326
"667","28333","2673","80054","154690",5.8748378797,43.9658320436
"709","24961","32549","24518","270166",5.6901623827,44.0155595492
"710","11357","7458","216","122304",5.7524808565,44.0140090020
"760","52040","5671","45625","46745",5.8793805785,44.0557719382
"758","22923","847","39158","98663",5.8170198955,44.0573947854
"759","22923","847","39158","98663",5.8192474064,44.1023676856
"756","14306","8024","119535","122920",5.6922880600,44.0605339270
"804","16105","3195","39158","130065",5.7568339753,44.1039563101
"711","7843","20307","143078","118678",5.8147959003,44.0124229642
"757","65578","9325","105730","116948",5.7546556968,44.0589821160
"1515","1","1","1","1",5.7915919767,44.0135273288
"1244","60422","1622","46745","457767",6.6252130677,44.9798172797
"1239","14504","41117","119535","95904",6.6856138950,44.9327640553
"1240","13093","2253","117798","92412",6.7489187060,44.9306455613
"1254","3528","817","23408","127767",6.5381959736,45.0428879760
"1255","3528","817","23408","127767",6.5647107658,45.0268382883
"1256","48619","8427","4553","330630",6.6281264649,45.0247885627
"1257","50366","935","118106","110994",6.5181718252,45.0654777600
"1260","15605","3606","110930","270166",6.6310445451,45.0697603193
"1251","8440","6324","21440","90314",6.3744363828,45.0327707371
"1246","3390","4385","105730","159647",6.2475648697,45.0365450576
"1248","53181","6376","27953","106408",6.3092243361,45.0481062111
"1237","24961","882","27953","127767",6.5589901293,44.9368928835
"1238","27500","996","125962","92412",6.6223043425,44.9348464974
"1242","10243","3679","47834","117798",6.4984786458,44.9838773006
"1243","41421","4299","71434","95904",6.5618481522,44.9818653348
"1253","40","5074","39276","90314",6.4378656434,45.0308293794
"1221","4479","10696","125962","122304",6.7429129693,44.8407124501
"1236","75785","12585","85856","159647",6.7401445998,44.8761423772
"1234","26795","3805","119535","98663",6.6194002780,44.8898762428
"1233","28333","11776","72786","167623",6.5655167764,44.8939506513
"1235","68765","32549","9265","122920",6.6826592202,44.8877954976
"1096","17308","9728","80101","65356",6.2819826356,44.5399355830
"1112","49407","326","39158","122304",6.2845998034,44.5849086340
"1097","22923","7182","130065","116948",6.3448615979,44.5380473641
"1115","12282","4599","23408","70439",6.4733739162,44.5791318496
"1116","17250","7373","39276","113322",6.5362898996,44.5771345897
"1117","130627","4385","143078","457767",6.5971517815,44.5867438805
"1101","40905","11956","87499","457767",6.5989133138,44.5389647516
"1277","1","1","1","1",6.4979775713,44.5090520208
"1132","53181","6155","24518","90314",6.4813556040,44.6136350392
"1134","12266","7761","27953","122732",6.5391115901,44.6221020525
"1075","45202","31284","341975","98663",6.4678439074,44.4891959326
"1099","14474","295","39158","194329",6.4706067104,44.5341635046
"1076","15814","1073","27953","117798",6.5386536704,44.4888063106
"1100","9120","7159","341975","38505",6.5334727019,44.5321678717
"1283","1","1","1","1",6.3661791255,44.4945585746
"1113","77061","1959","46745","67899",6.3475287887,44.5830188755
"1130","22923","1724","122732","167623",6.3345314483,44.6077935541
"1098","15423","4380","42476","118678",6.4077363159,44.5361233367
"1073","44098","2784","56541","92412",6.3421986515,44.4930766283
"1114","10780","24693","47834","159825",6.4104535194,44.5810932795
"1276","1","1","1","1",6.4378517439,44.5557642249
"1275","1","1","1","1",6.3552116837,44.5566385622
"1189","49407","22645","80054","92412",6.6107159368,44.7549689155
"1209","3528","42076","23408","116948",6.5977642868,44.8061405462
"1218","5096","14257","110930","46745",6.5655730846,44.8481838313
"1173","50294","1114","116707","95904",6.4594586856,44.7374849025
"1187","50294","1114","116707","95904",6.5096101398,44.7480328591
"1188","58378","3075","269557","183156",6.5394415614,44.7493647025
"1208","8440","8314","89506","65356",6.5560514755,44.7988942580
"1174","12485","9270","125962","279505",6.4844452402,44.7181659884
"1176","155913","14539","80054","122920",6.5487725572,44.7085077435
"1228","26338","45268","95904","70439",6.4392118427,44.8992533110
"1231","77061","1912","118106","127767",6.4928685258,44.8939296492
"1207","14057","3931","108402","90314",6.4892075430,44.8049660465
"1217","50094","5851","21440","457767",6.4900702032,44.8489566464
"1261","1","1","1","1",6.5382104408,44.8243949007
"1219","4273","700","216","36286",6.6239295003,44.8552747838
"227","20173","15668","183156","90314",4.8635539589,43.5376955011
"266","37256","44098","21440","194329",4.8031443414,43.5837147543
"267","14504","20173","119535","170405",4.8650143678,43.5826699092
"306","26795","2081","80101","38505",4.8045585513,43.6286913976
"307","31409","1189","105730","110994",4.8664770669,43.6276457009
"308","90903","2784","105730","118678",4.9283932868,43.6265647373
"348","3390","11065","115657","117798",4.8059749809,43.6736693989
"349","85117","4644","216","98453",4.8679420617,43.6726228498
"144","2723","23786","116707","122732",4.3667825367,43.4551048740
"145","32738","5244","151858","122732",4.4285213597,43.4543086974
"178","37833","46619","14048","127767",4.3678521483,43.5000824301
"179","11357","14833","56541","270166",4.4296392660,43.4992856045
"184","37833","884","142826","122304",4.6149898118,43.4966839735
"219","28108","1994","341975","113506",4.3689234351,43.5450614273
"220","49407","2058","39158","67899",4.4307589231,43.5442639522
"221","17112","8641","105730","70439",4.4902746426,43.5580115864
"223","14048","10744","80101","143078",4.6264589406,43.5628997768
"427","62068","3004","122732","130065",4.6846790100,43.7656198142
"469","25926","1994","107739","167623",4.6860045256,43.8106033541
"514","44098","4226","46745","167623",4.6873321283,43.8555881479
"1367","1","1","1","1",4.6564379050,43.8618174228
"83","3390","3445","115657","130065",4.7961064055,43.3588528266
"111","14057","3316","108402","36286",4.6741494366,43.4057997988
"113","294","5655","117798","130065",4.7358305750,43.4048286062
"146","12423","1125","142826","98453",4.6754584305,43.4507723592
"147","39126","15362","106716","457767",4.7371877660,43.4498003751
"185","10718","14012","89506","117798",4.6767694727,43.4957463839
"186","3390","3752","115657","46745",4.7385470806,43.4947736077
"187","12563","20307","166558","167623",4.8003225599,43.4937656467
"188","65516","13307","108402","98453",4.8620958351,43.4927225027
"224","28108","11323","155409","36286",4.6780825680,43.5407218469
"225","60422","10174","46745","122732",4.7399085238,43.5397482778
"226","4331","1814","39158","92412",4.8017323460,43.5387394952
"261","155913","2548","151858","113506",4.4937625101,43.5884103382
"262","14504","29488","47834","70439",4.5556428500,43.5875417130
"263","11357","775","56541","154690",4.6175212790,43.5866378403
"264","41421","7182","85856","170405",4.6793977212,43.5856987217
"265","22","4346","85856","122920",4.7412721006,43.5847243590
"301","22559","1819","87499","154690",4.4949341991,43.6333908090
"302","28456","6289","151858","95904",4.5568630526,43.6325214757
"303","15814","3933","183156","130065",4.6187899906,43.6316168662
"304","14474","4261","269557","122920",4.6807149371,43.6306769821
"305","40905","5918","108402","105730",4.7426378160,43.6297018253
"343","3634","4729","119535","65356",4.4961077275,43.6783726410
"344","24566","1269","54881","122920",4.5580851706,43.6775025991
"345","47411","62068","9265","159647",4.6200606937,43.6765972521
"346","3528","11417","70344","110994",4.6820342206,43.6756566019
"347","33340","37023","142826","127767",4.7440056751,43.6746806502
"391","36672","2189","153397","110994",4.6213333930,43.7215789718
"560","58716","8786","143078","167623",4.7508773025,43.8995942329
"516","58378","3235","39158","167623",4.8116630009,43.8535944570
"517","5615","9736","142826","113322",4.8738251067,43.8525444913
"515","50294","1732","116707","130065",4.7494986491,43.8546090098
"561","4331","2849","151858","98663",4.8130906077,43.8985788529
"562","42076","46619","117798","457767",4.8753016615,43.8975280312
"1375","1","1","1","1",4.9017881301,43.8659998163
"518","28028","4214","115916","159825",4.9359848895,43.8514591147
"432","58378","14474","105730","154690",4.9950008281,43.7603785448
"473","6606","44098","85856","117798",4.9344617919,43.8064776843
"474","50294","2784","39158","122732",4.9965703149,43.8053578120
"1373","1","1","1","1",4.9467232888,43.8321607656
"1374","1","1","1","1",4.9165674104,43.8404354155
"1368","1","1","1","1",4.7796090008,43.8216532469
"26","26768","4549","71434","118678",5.8367957598,43.2015469186
"24","65578","954","105730","38505",5.7139125118,43.2047078011
"25","5096","1530","110930","95904",5.7753558168,43.2031448458
"43","10695","3710","39158","90314",5.7160268309,43.2496569561
"44","5096","23390","79400","113322",5.7775179263,43.2480927276
"7","26338","33959","110930","105730",5.7118014806,43.1597602266
"45","16105","3643","163070","159647",5.8390056518,43.2464934989
"46","777","42076","115657","90314",5.9004899331,43.2448592728
"65","36284","62594","80054","105730",5.7796834058,43.2930421628
"66","47779","1577","9265","457767",5.8412189881,43.2914416314
"67","12485","76941","115916","130065",5.9027511180,43.2898060742
"1395","1","1","1","1",5.7544254429,43.3088684655
"9","18166","2058","143078","159825",5.8345893041,43.1566019167
"27","48619","14960","4553","118678",5.8982322666,43.1999140226
"8","7843","1844","143078","65356",5.7731970695,43.1581985434
"1400","1","1","1","1",5.7495455827,43.1467588117
"30","193","4400","95904","110994",6.0825204289,43.1948055531
"29","42076","60422","127012","95904",6.0210946752,43.1965433366
"1406","1","1","1","1",6.0079457552,43.1749855162
"1407","1","1","1","1",6.0022236842,43.2370679223
"1405","1","1","1","1",6.0423590966,43.1641958976
"204","3634","2755","119535","143078",5.9735519189,43.4679322371
"245","55609","8126","46745","279505",5.9758790347,43.5128850357
"246","25926","14731","4553","116948",6.0398257612,43.5093942409
"132","33959","921","23408","154690",6.0389722203,43.3796948910
"165","24693","10936","47834","98663",6.0262854181,43.4211174775
"166","6854","4200","166558","92412",6.0945626275,43.4195262147
"133","2910","4803","39158","38505",6.0921466704,43.3745790920
"134","76941","17354","14048","183156",6.1464522280,43.3733067700
"131","62068","8158","130065","105730",5.9689085840,43.3780309230
"130","1788","9597","116707","90314",5.9072840764,43.3797042255
"163","155913","444","72786","143078",5.9095558664,43.4246555230
"164","40637","1437","72786","106408",5.9691048345,43.4210970963
"167","10243","3546","80101","105730",6.1519682984,43.4210385163
"1485","1","1","1","1",6.0512005405,43.4447228478
"207","57584","1577","42476","127767",6.1586919416,43.4626933598
"208","670","1312","151858","46745",6.2203976623,43.4608768159
"205","3988","11661","39158","70439",6.0352689950,43.4662210738
"206","6854","444","166558","38505",6.0963954938,43.4669260598
"247","11712","1257","87499","113506",6.0994058794,43.5094247624
"248","21845","2028","23408","117798",6.1611636483,43.5076418908
"249","22","2253","107739","330630",6.2229175480,43.5058238672
"1486","1","1","1","1",6.1287766128,43.4809238329
"97","55449","7843","95904","113506",5.8434357766,43.3363912899
"98","10243","5678","47834","46745",5.9050158297,43.3347544005
"47","142826","5417","122732","143078",5.9619706958,43.2431900527
"68","20916","4549","14048","270166",5.9642797212,43.2881354944
"70","6854","2548","39276","167623",6.0873260499,43.2846892797
"101","62068","248","341975","170405",6.0897344808,43.3296334382
"100","12266","4149","24518","113322",6.0281652564,43.3313754714
"69","15605","10174","79400","92412",6.0258047233,43.2864298952
"99","2723","7740","163070","457767",5.9665923478,43.3330824599
"1408","1","1","1","1",6.1235067778,43.3336680120
"127","52040","43163","45625","279505",5.7840245062,43.3829455885
"242","25926","72629","117798","105730",5.7951132582,43.5179095893
"243","5096","1450","95904","105730",5.8397875223,43.5145973730
"95","77061","2236","46745","122304",5.7202653639,43.3395599031
"96","13497","82","39158","122920",5.7818522631,43.3379931251
"162","23390","75942","115657","95904",5.7894396073,43.4502459812
"201","23390","4824","166558","457767",5.7866383140,43.4707705197
"200","28108","20173","155409","90314",5.7232005071,43.4758507312
"241","227","2001","4553","122732",5.7287822252,43.5193836121
"128","35858","14843","80054","65356",5.8456560255,43.3813424483
"129","35858","14843","80054","65356",5.8478797430,43.4262950804
"202","15423","3568","54881","143078",5.8501069370,43.4712491600
"203","90903","7464","269557","106408",5.9118312079,43.4696082669
"329","777","20","115657","122920",6.2279691619,43.5957221067
"294","50679","44098","119535","92412",6.5343913372,43.5411471977
"333","25192","2988","155409","159647",6.4753307119,43.5880861378
"379","85117","1240","216","194329",6.5399342552,43.6310324474
"295","16105","7458","116707","279505",6.5961686401,43.5391166846
"334","13497","5239","80054","194329",6.5371606261,43.5860891583
"335","25670","60422","122732","122920",6.5989862002,43.5840569915
"375","4331","1257","151858","154690",6.4183635224,43.6381911471
"377","26338","24476","110930","279505",6.4790463720,43.6289507958
"1474","1","1","1","1",6.5876612032,43.5986721201
"456","227","8314","107739","159647",6.5454945744,43.7209229055
"455","12282","9034","31756","117798",6.4835193631,43.7229247687
"457","276459","213","142826","113506",6.6074654149,43.7188857691
"1475","1","1","1","1",6.6344593897,43.7550077023
"250","35858","1834","39158","143078",6.2846675033,43.5039706949
"254","82","19791","23408","143078",6.5316263783,43.4962065919
"331","46619","14048","23408","113322",6.3516581647,43.5919745194
"332","49121","10423","71434","38505",6.4075242699,43.5876597375
"373","3988","6294","39158","159647",6.3542866936,43.6369226023
"374","3988","6294","39158","159647",6.3569193460,43.6818719913
"292","62068","1188","130065","159647",6.4108238169,43.5451027437
"293","40","9404","142826","106408",6.4726097044,43.5431425520
"291","32738","817","72786","457767",6.3490337498,43.5470277691
"253","28623","142826","155409","98453",6.4698929516,43.4982003224
"212","60422","3606","56541","95904",6.4671804436,43.4532594753
"213","49121","3189","85856","92412",6.5288657391,43.4512673672
"211","130627","16048","143078","122732",6.4054909133,43.4552164779
"210","75785","10780","71434","457767",6.3392469447,43.4591282152
"251","10780","75785","45625","122920",6.3464134391,43.5020823776
"252","21845","2444","42476","122732",6.4081552802,43.5001589189
"171","77061","3568","118106","38505",6.4028307064,43.4102754471
"172","3988","4380","105730","95904",6.4644721705,43.4083200370
"173","25926","41117","38505","183156",6.5261094096,43.4063295499
"289","17250","6500","142826","159647",6.2254413781,43.5507723062
"288","40401","11433","47834","170405",6.1636392242,43.5525918108
"255","68765","667","56541","118678",6.5933554851,43.4941777311
"140","50294","6376","39158","457767",6.5233573798,43.3613931663
"76","14257","24476","47834","122304",6.4563726613,43.2735104373
"77","10718","7075","142826","122732",6.5178661788,43.2715248051
"56","294","2786","106716","70439",6.5151269876,43.2265928799
"75","75942","12303","127012","36286",6.3948749483,43.2754610780
"107","9120","473","122732","270166",6.4590682892,43.3184454918
"108","49121","14920","71434","116948",6.5206096395,43.3164582426
"139","40905","7865","108402","279505",6.4617681223,43.3633820337
"109","25192","4346","122732","95904",6.5821467103,43.3144359772
"110","130627","5615","31756","170405",6.6436794273,43.3123786993
"141","36672","1878","153397","183156",6.5849423477,43.3593692541
"142","75942","7182","106716","65356",6.6465229516,43.3573103011
"174","37833","2251","21440","110994",6.5877423492,43.4043039896
"57","47779","4261","46745","95904",6.5765684868,43.2245739038
"37","2294","807","115657","330630",6.5123920561,43.1816624933
"36","4479","2723","45625","270166",6.4509939819,43.1836448958
"55","15423","1912","54881","98453",6.4536812288,43.2285768966
"38","65578","3933","269557","98663",6.6351753815,43.1775928990
"58","10718","20800","142826","70439",6.6380056525,43.2225199721
"79","5096","4578","79400","170405",6.6408403310,43.2674485809
"1410","1","1","1","1",6.5774992219,43.2013656797
"1411","1","1","1","1",6.4722313675,43.1634150022
"135","7843","1516","31756","330630",6.2153696871,43.3709869817
"104","41421","6338","71434","46745",6.2744193042,43.3241971043
"105","28499","1959","183156","194329",6.3359730471,43.3223149263
"73","11357","2665","46745","38505",6.2718672330,43.2792573698
"102","77061","4005","9265","98663",6.1512999466,43.3278563637
"103","25044","11005","107739","183156",6.2128615792,43.3260442513
"168","8440","10331","142826","106408",6.2178817117,43.4159311786
"72","294","3926","117798","46745",6.2103573790,43.2811030136
"71","130627","2841","31756","113322",6.1488436265,43.2829136514
"209","4737","1522","14048","457767",6.2820994477,43.4590251519
"106","21783","30712","79400","65356",6.3975227336,43.3203977209
"138","670","15814","72786","159647",6.4001746497,43.3653358527
"170","4737","193","21440","279505",6.3411850921,43.4121957765
"136","50094","1724","108402","46745",6.2738458102,43.3695481305
"137","8440","7431","142826","159825",6.3385770366,43.3672546194
"169","10695","23390","163070","143078",6.2795354023,43.4140810216
"1409","1","1","1","1",6.3588684583,43.3054686650
"570","10065","3316","127012","110994",5.3728997964,43.8878458135
"572","85117","10936","56541","36286",5.4972714240,43.8850709997
"527","39228","1080","39158","170405",5.4331703024,43.8415015778
"528","39228","1080","39158","170405",5.4940493661,43.8432486817
"661","12282","37543","70344","105730",5.5012121338,43.9750213315
"616","82","9270","70344","98453",5.4992402261,43.9300455837
"571","1666","24961","216","330630",5.4350871210,43.8864761158
"613","24693","1255","24518","92412",5.3125314224,43.9341580237
"614","58716","9404","31756","127767",5.3747706675,43.9328226594
"659","50679","1705","119535","127767",5.3766444902,43.9778006710
"573","14057","2021","14048","330630",5.5594526287,43.8836304678
"617","24961","295","27953","92412",5.5614703853,43.9286038777
"615","1176","90903","116707","183156",5.4370069611,43.9314518451
"660","38430","11065","115916","194329",5.4389298299,43.9764287393
"1499","1","1","1","1",5.5146930349,43.8672441550
"1500","1","1","1","1",5.3521836086,43.8988584382
"1498","1","1","1","1",5.5198641154,43.9284690844
"526","17308","3054","119535","90314",5.3710318699,43.8428701600
"478","6854","1815","115657","116948",5.2449789313,43.8005245676
"479","50094","10423","14048","113322",5.3070743332,43.7992278293
"525","21783","1082","42476","194329",5.3088904998,43.8442033500
"1511","1","1","1","1",5.2604708656,43.8290376872
"1501","1","1","1","1",5.4136828922,43.8242650041
"658","23393","2174","107739","130065",5.3143561919,43.9791371239
"657","7843","12326","31756","159825",5.2520650124,43.9804380955
"524","3634","10732","127012","90314",5.2467462689,43.8455011452
"568","21234","142826","21440","122304",5.2485163905,43.8904789434
"612","20916","3926","14048","154690",5.2502893028,43.9354579356
"569","28623","53151","341975","118678",5.3107095273,43.8891800903
"1520","1","1","1","1",5.2159447047,43.8780479960
"523","28456","14306","80054","122732",5.5574380474,43.8386582473
"529","8133","208","155409","106408",5.6195672066,43.8371835045
"836","21783","8807","42476","113506",5.0092156534,44.1652347391
"792","27953","4942","71434","110994",5.0076262351,44.1202462102
"837","22923","6338","39158","154690",5.0717147016,44.1640719325
"1346","1","1","1","1",5.0492278398,44.1560556820
"1347","1","1","1","1",5.0679383001,44.1473665641
"1345","1","1","1","1",4.9761467738,44.1478683263
"745","68765","2416","46745","113506",5.0060393290,44.0752587463
"793","4737","1413","142826","117798",5.0700758872,44.1190843510
"744","50094","12303","108402","130065",4.9436364888,44.0763841079
"791","12563","1844","166558","110994",4.9451740709,44.1213724895
"1352","1","1","1","1",5.0265021407,44.0987100761
"1349","1","1","1","1",5.1056834784,44.1168699947
"700","47411","13523","118106","279505",5.1291545382,44.0279169203
"747","48619","252","38505","113506",5.1308374128,44.0729013722
"838","28028","4824","45625","106408",5.1342111535,44.1628735191
"884","21839","33959","89506","122920",5.1984452715,44.2066261369
"1348","1","1","1","1",5.1045706102,44.1538163229
"1334","1","1","1","1",5.2133272231,44.1850283030
"795","40905","7901","87499","70439",5.1949673431,44.1166539016
"796","2723","6393","163070","170405",5.2574089910,44.1153853160
"839","39228","3316","122732","159647",5.1967049310,44.1616395013
"840","55609","1639","56541","70439",5.2591959561,44.1603698814
"841","12423","10837","89506","113506",5.3216841505,44.1590646619
"794","77061","1958","9265","116948",5.1325229491,44.1178869140
"1350","1","1","1","1",5.1527929246,44.1165501787
"1353","1","1","1","1",5.2585735692,44.0947665525
"1351","1","1","1","1",5.1444605575,44.0928910787
"655","39228","17354","39158","95904",5.1274743191,43.9829335848
"656","5615","2948","142826","457767",5.1897710290,43.9817035833
"1356","1","1","1","1",5.0998473799,43.9812000984
"1355","1","1","1","1",5.1075185186,44.0102328850
"746","50094","14920","14048","170405",5.0684396629,44.0740978337
"1343","1","1","1","1",4.8520595906,44.2232849800
"879","25044","7421","38505","270166",4.8857030511,44.2124448998
"918","4273","1819","46745","118678",4.8871983886,44.2574372899
"834","38430","3045","183156","118678",4.8842100810,44.1674535232
"878","40401","1994","153397","122732",4.8231471915,44.2135017341
"835","3528","5244","70344","92412",4.9467140872,44.1663619367
"1342","1","1","1","1",4.9047817847,44.1902233343
"1344","1","1","1","1",4.8477607320,44.1929849847
"832","294","5417","127012","105730",4.7591950616,44.1695298541
"833","7125","3069","79400","279505",4.8217037130,44.1685094963
"743","28456","8786","39158","70439",4.8812312204,44.0774739163
"790","55609","1593","46745","105730",4.8827194726,44.1224631865
"787","40637","15544","151858","65356",4.7578032855,44.1245378255
"788","55609","85045","56541","122732",4.8188236013,44.0785281693
"789","55609","85045","56541","122732",4.8202625181,44.1235182992
"1361","1","1","1","1",4.8670231882,43.9681552129
"1360","1","1","1","1",4.9009063772,43.9705485759
"652","31409","1408","105730","92412",4.9405686041,43.9864106482
"563","28108","41117","155409","122920",4.9375103870,43.8964417698
"1364","1","1","1","1",4.9430694953,43.9477270765
"1363","1","1","1","1",4.9379742506,43.9607750159
"1357","1","1","1","1",5.0257784633,43.9623508026
"1362","1","1","1","1",4.9097781354,43.9400251570
"605","14048","22","80101","194329",4.8145204658,43.9435644485
"606","20916","1188","21440","116948",4.8767805448,43.9425127701
"649","50094","3380","108402","117798",4.8215909364,43.9791682516
"522","47411","2784","9265","70439",5.1845992538,43.8467635432
"437","50366","741","9265","127767",5.3052610208,43.7542535547
"438","21963","9325","9265","65356",5.3673048229,43.7529225353
"480","12485","9143","125962","46745",5.3691668810,43.7978957251
"435","33340","4759","142826","92412",5.1811649508,43.7568095794
"436","14504","11323","119535","130065",5.2432143712,43.7555492369
"1510","1","1","1","1",5.3402879932,43.7493442306
"1502","1","1","1","1",5.4057913890,43.7833489637
"519","25192","1018","341975","70439",4.9981422725,43.8503383295
"520","24693","1530","47834","270166",5.0602971788,43.8491821376
"475","4331","3431","80054","270166",5.0586763670,43.8042025619
"476","22923","4299","39158","270166",5.1207798715,43.8030119362
"477","53181","10174","153397","194329",5.1828807519,43.8017859374
"521","22923","8777","130065","38505",5.1224495315,43.8479905414
"1518","1","1","1","1",5.1353653141,43.8434341314
"1521","1","1","1","1",5.0914359202,43.8338722837
"567","40637","27629","118106","159825",5.1863204631,43.8917423704
"611","7843","3423","70344","90314",5.1880443860,43.9367223926
"1519","1","1","1","1",5.2034384432,43.8621525658
"566","18444","6712","71434","67899",5.1241218220,43.8929703689
"1366","1","1","1","1",5.1519882036,43.8925514319
"708","65578","77355","105730","127767",5.6278405562,44.0170746026
"803","16105","3195","39158","130065",5.6944170979,44.1055093861
"755","21783","2665","79400","143078",5.6299170626,44.0620502155
"802","33959","13523","54881","122304",5.6319968520,44.1070269106
"664","47779","797","118106","122732",5.6880400581,43.9705862791
"753","31409","1110","115657","122304",5.5051652960,44.0649762129
"754","670","2723","72786","70439",5.5675427820,44.0635309784
"800","6606","1705","85856","279505",5.5071465652,44.1099552933
"801","14257","227","80101","110994",5.5695733151,44.1085088806
"662","25926","3414","119535","117798",5.5634913247,43.9735784504
"707","12563","1389","39276","154690",5.5655154544,44.0185541595
"1517","1","1","1","1",5.5879891653,44.0314074121
"1329","1","1","1","1",5.6621341752,44.1080515383
"1331","1","1","1","1",5.6845843111,44.0832318094
"620","14504","37023","80101","457767",5.7481414579,43.9240661207
"1493","1","1","1","1",5.7175415795,43.9088383721
"1492","1","1","1","1",5.7769743879,43.8942387083
"1491","1","1","1","1",5.8012254921,43.9016602369
"576","38430","4385","125962","65356",5.7459768835,43.8790964063
"619","40905","10991","87499","122732",5.6859210782,43.9256141433
"574","4737","4729","21440","159647",5.6216306580,43.8821545231
"575","130627","9139","70344","130065",5.6838054352,43.8806431683
"618","22923","3380","122732","92412",5.6236973617,43.9271267299
"663","3528","1939","23408","38505",5.6257673252,43.9721000986
"1495","1","1","1","1",5.6453825305,43.8450947210
"1497","1","1","1","1",5.5911673996,43.9288853050
"1496","1","1","1","1",5.6163507333,43.9029717105
"1494","1","1","1","1",5.7071253107,43.8629367794
"439","130627","14539","31756","95904",5.4293457012,43.7515561813
"481","21839","25004","163070","118678",5.4312564981,43.7965282575
"404","276459","17354","71434","122920",5.4274379044,43.7065853758
"1509","1","1","1","1",5.3825332795,43.7281816803
"482","14474","882","39158","98453",5.4933431079,43.7951254290
"406","2723","573","89506","130065",5.5514132806,43.7037489860
"441","31409","1437","166558","154690",5.5534183808,43.7487174800
"484","1666","441","38505","90314",5.6175069996,43.7922137007
"485","33930","39301","70344","67899",5.6795841284,43.7907048064
"440","21963","77355","9265","98453",5.4913835793,43.7501544953
"443","9120","1750","341975","92412",5.6774784488,43.7457374724
"444","18444","2786","85856","270166",5.7395035627,43.7441944859
"442","88618","12017","72786","116948",5.6154500294,43.7472451380
"407","45202","12585","130065","110994",5.6133962885,43.7022778430
"408","18166","11956","106716","106408",5.6753760748,43.7007714049
"483","28456","14306","80054","122732",5.5554266339,43.7936872425
"1505","1","1","1","1",5.5202207245,43.7873129907
"1506","1","1","1","1",5.5974777617,43.8140853983
"1503","1","1","1","1",5.4690841138,43.7357808765
"1507","1","1","1","1",5.5771769411,43.6921847285
"1504","1","1","1","1",5.5417065493,43.7620992083
"696","53181","1471","153397","113506",4.8797453187,44.0324857391
"650","50094","3380","108402","117798",4.8280243310,44.0255016581
"651","9596","4149","42476","159825",4.8782617620,43.9874986816
"697","52040","17150","87499","95904",4.9421013351,44.0313968187
"698","10065","1384","106716","167623",5.0044549290,44.0302723739
"1358","1","1","1","1",4.9594361644,44.0038151044
"653","155913","15155","72786","98453",5.0028730292,43.9852871195
"654","14057","10780","14048","106408",5.0651749600,43.9841280976
"699","22559","2146","108402","116948",5.0668060225,44.0291124070
"610","57584","13919","23408","183156",5.1257967491,43.9379513921
"564","17112","935","115657","159647",4.9997167069,43.8953200708
"608","4737","480","14048","70439",5.0012936238,43.9403030097
"607","65578","5926","115657","92412",4.9390382899,43.9414256231
"565","58378","88618","269557","67899",5.0619205443,43.8941629365
"609","14306","1750","117798","194329",5.0635464693,43.9391449319
"1365","1","1","1","1",5.1301032206,43.9204209235
"702","46475","17456","118106","118678",5.2538435258,44.0254193966
"701","15956","1189","125962","159647",5.1915003985,44.0266859160
"748","7943","1814","143078","194329",5.1932325011,44.0716693643
"749","46619","3988","54881","46745",5.2556248498,44.0704018122
"1354","1","1","1","1",5.1665131972,44.0209910170
"706","45202","670","130065","167623",5.5031871547,44.0199982168
"704","38430","3703","183156","330630",5.3785212713,44.0227798219
"705","10718","1508","89506","279505",5.4408557345,44.0214067719
"752","14306","14731","80101","90314",5.4427846822,44.0663859162
"797","28499","4422","27953","143078",5.3198478151,44.1140811599
"798","58716","2346","31756","38505",5.3822837374,44.1127414356
"799","10065","6028","117798","67899",5.4447166800,44.1113661459
"703","14257","33959","47834","183156",5.3161838426,44.0241173644
"750","227","7431","4553","113322",5.3180143814,44.0690987185
"751","55449","2903","95904","36286",5.3804010181,44.0677600857
"1332","1","1","1","1",5.4802152537,44.0983106957
"1341","1","1","1","1",5.0026635189,44.1962227108
"842","12423","10837","89506","113506",5.3235233946,44.2040491980
"883","26795","10812","80101","116948",5.1359020323,44.2078611609
"885","21839","33959","89506","122920",5.2545011465,44.1987146601
"1333","1","1","1","1",5.3751725364,44.1756871518
"922","10695","3606","39158","122920",5.1375955918,44.2528498129
"881","40637","1110","118106","90314",5.0108075899,44.2102243064
"1339","1","1","1","1",5.0013373980,44.2760538927
"880","88618","3445","118106","98663",4.9482565433,44.2113524232
"882","90903","13523","115657","98453",5.0733561123,44.2090605516
"1335","1","1","1","1",5.1282630423,44.2784336316
"1340","1","1","1","1",4.9833530880,44.2358807341
"920","10065","3830","127012","183156",5.0124020504,44.2552148855
"1337","1","1","1","1",5.1027594235,44.2390193485
"1336","1","1","1","1",5.1035756452,44.2610408701
"919","10780","8786","45625","113506",4.9498014452,44.2563439223
"921","21609","6142","110930","457767",5.0750001254,44.2540501816
"1338","1","1","1","1",5.0498812717,44.2888577466
"17","40401","700","24518","159647",6.3255975596,43.1425713175
"34","10780","3643","153397","65356",6.3281853798,43.1875048928
"35","21234","8427","142826","98663",6.3895917319,43.1855923636
"52","14048","573","47834","36286",6.2693191345,43.2343191529
"53","24961","6822","24518","116948",6.3307772282,43.2324400368
"74","193","3420","95904","183156",6.3333731142,43.2773767234
"1412","1","1","1","1",6.4146491563,43.1664453423
"48","21839","24476","89506","90314",6.0234478658,43.2414858415
"49","57584","797","54881","92412",6.0849213688,43.2397466426
"50","8269","26591","143078","67899",6.1463911307,43.2379724593
"51","21609","1878","79400","105730",6.2078570773,43.2361632949
"15","39228","1869","130065","457767",6.2028681331,43.1462885190
"16","227","10331","4553","457767",6.2642348189,43.1444473769
"32","55449","17025","110930","122920",6.2053606650,43.1912251213
"33","28333","4824","72786","127767",6.2667749996,43.1893824799
"298","5060","573","110930","110994",6.7814738177,43.5328142320
"299","36402","1844","45625","159647",6.8432330495,43.5306431233
"176","1244","4644","116707","127767",6.7109950309,43.4001476649
"216","75942","3380","127012","194329",6.7138954682,43.4450804482
"257","5615","1508","21440","46745",6.7168004395,43.4900146346
"258","55449","1994","79400","330630",6.7785161371,43.4878804067
"143","18855","1202","341975","167623",6.7080991171,43.3552163111
"175","32738","3192","151858","70439",6.6493709145,43.4022433600
"214","42076","8951","127012","130065",6.5905467249,43.4492401573
"215","28028","18338","115916","90314",6.6522233262,43.4471778497
"256","2910","1222","116707","98663",6.6550801972,43.4921137440
"1414","1","1","1","1",6.6849028095,43.4707546950
"217","21234","14960","142826","270166",6.7755630761,43.4429479568
"218","75785","10732","4553","279505",6.8372260753,43.4407803795
"259","4273","2701","216","90314",6.8402272152,43.4857110645
"260","36402","20307","45625","70439",6.8942977224,43.4853161599
"279","65516","6338","14048","113506",5.6072543653,43.5673838268
"278","58378","7761","39158","92412",5.5454168233,43.5688513792
"237","26338","227","95904","159647",5.4816319399,43.5253193976
"317","2294","3024","115657","106408",5.4855234237,43.6152494171
"274","17308","5756","119535","106408",5.2980361780,43.5743694442
"275","24961","4950","27953","38505",5.3598857597,43.5730427550
"1387","1","1","1","1",5.5039176210,43.4914895287
"1399","1","1","1","1",5.5166253972,43.2774585168
"191","18166","2130","127012","65356",5.1709265080,43.4869791119
"232","22","2251","85856","36286",5.1726262367,43.5319474295
"230","4273","6142","56541","106408",5.0490047855,43.5343522697
"231","10780","5978","47834","106408",5.1108168048,43.5331674501
"192","47779","6057","46745","46745",5.2326849739,43.4857249148
"21","77061","4380","9265","270166",5.5910161118,43.2077287843
"22","75785","670","85856","70439",5.6524659187,43.2062357815
"1396","1","1","1","1",5.6343696855,43.2240480396
"400","1666","270","38505","159825",5.1794518442,43.7118344956
"351","15605","3710","110930","116948",4.9918692439,43.6704238669
"397","76941","21783","87499","38505",4.9934338064,43.7154005543
"398","36284","2458","39158","279505",5.0554423800,43.7142471853
"1381","1","1","1","1",5.0831615673,43.7051948042
"1380","1","1","1","1",5.1833740976,43.7288337878
"1379","1","1","1","1",5.1894051008,43.6825669392
"156","75942","8777","106716","143078",5.4160537343,43.4367886994
"157","47411","2163","118106","117798",5.4777526186,43.4353949830
"196","9325","1593","79400","183156",5.4796907625,43.4803564765
"121","85117","5341","38505","65356",5.4141667426,43.3918275250
"1394","1","1","1","1",5.5026575104,43.4156058138
"1382","1","1","1","1",5.0108761981,43.5865876150
"401","4273","792","56541","330630",5.2414525822,43.7105751795
"313","4479","9034","115916","67899",5.2379372909,43.6206309902
"355","28623","1413","122732","159825",5.2396935575,43.6656024218
"356","115916","2903","216","110994",5.3016429313,43.6643088491
"357","441","16048","45625","92412",5.3635894711,43.6629799967
"402","1978","4729","85856","110994",5.3034505557,43.7092805525
"403","2723","2753","89506","95904",5.3654456885,43.7079506171
"314","21234","3414","21440","67899",5.2998381410,43.6193384709
"315","28456","9404","80054","457767",5.3617361638,43.6180107006
"1508","1","1","1","1",5.3920798377,43.6913506264
"405","23390","4214","115657","113322",5.4894271271,43.7051848312
"126","35858","1411","151858","159825",5.7223895931,43.3845136428
"399","670","2315","72786","105730",5.1174484180,43.7130584983
"433","17250","22645","142826","122732",5.0570581027,43.7592242356
"434","28333","7367","151858","110994",5.1191128358,43.7580345797
"319","28623","7338","122732","106408",5.6092984640,43.6123471610
"320","88618","9270","151858","127767",5.6711812123,43.6108431751
"361","15037","23364","166558","279505",5.6113457692,43.6573118418
"362","2294","9034","115657","159825",5.6732769985,43.6558066304
"360","37256","248","14048","65356",5.5494113258,43.6587817869
"318","28623","1310","341975","65356",5.5474125092,43.6138159092
"359","11712","155911","45625","194329",5.4874737444,43.6602164630
"358","25926","53151","117798","70439",5.4255331008,43.6616158671
"363","40","6289","39276","122920",5.7352049379,43.6542661555
"409","18855","1754","341975","183156",5.7373525634,43.6992296748
"84","40","16048","166558","194329",4.8577351197,43.3578122288
"114","65516","17474","87499","65356",4.7975095948,43.4038222861
"148","14257","3907","153397","98663",4.7989149779,43.4487932349
"94","10065","3931","127012","122304",5.6586751535,43.3410916208
"125","10065","1869","106716","127767",5.6607513612,43.3860466083
"159","7125","5739","42476","130065",5.6011412330,43.4325021669
"124","777","6537","115657","36286",5.5991098853,43.3875444821
"158","21963","1753","118106","36286",5.5394484766,43.4339661379
"93","20916","854","108402","67899",5.5970817068,43.3425882753
"1390","1","1","1","1",5.6141250839,43.3971939985
"1392","1","1","1","1",5.5370207956,43.3961616335
"1391","1","1","1","1",5.5704449254,43.3881184864
"1393","1","1","1","1",5.5296766886,43.4078333807
"310","6854","1169","115657","270166",5.0522185354,43.6242970177
"309","155913","4200","151858","194329",4.9903071349,43.6254485089
"311","4273","10356","56541","159825",5.1141274121,43.6231102660
"352","37833","4129","21440","167623",5.0538291929,43.6692714372
"353","25926","142826","119535","279505",5.1157866122,43.6680837183
"197","777","996","105730","194329",5.5414348143,43.4789264673
"198","15814","1912","27953","279505",5.6031757573,43.4774613034
"160","5096","4644","95904","279505",5.6628308129,43.4310030728
"161","23390","75942","115657","95904",5.7245171412,43.4294688583
"199","5060","10744","95904","38505",5.6649135163,43.4759609879
"238","17250","1232","71434","105730",5.5434242608,43.5238882231
"240","142826","5960","39158","106408",5.6669994788,43.5209203275
"239","46619","2910","70344","457767",5.6045600570,43.5204957218
"1388","1","1","1","1",5.5664825234,43.4915151152
"1389","1","1","1","1",5.6271447072,43.4409391317
"91","1244","3679","89506","67899",5.4738854028,43.3454763833
"92","5615","8024","21440","95904",5.5354850983,43.3440498637
"123","28028","3192","125962","113506",5.5374652403,43.3890072613
"122","13093","8250","117798","127767",5.4758175011,43.3904349432
"1386","1","1","1","1",5.2042115397,43.4170314455
"1385","1","1","1","1",5.2523564862,43.4160407981
"116","6606","28220","4553","130065",5.1058702845,43.3982638418
"117","13093","1018","117798","167623",5.1675350148,43.3970467990
"87","42076","1750","117798","113322",5.1658432378,43.3520828562
"88","9596","4226","79400","113506",5.2274572465,43.3508317202
"118","3528","3192","70344","167623",5.2291971008,43.3957946435
"86","48131","1834","143078","105730",5.1042265910,43.3532989081
"1384","1","1","1","1",5.2490982290,43.3640189727
"1383","1","1","1","1",5.1528861667,43.3439509768
"149","24566","10757","23408","90314",4.9223627295,43.4466734937
"189","17646","1170","27953","170405",4.9238668307,43.4916441779
"151","44098","1200","46745","183156",4.9840831187,43.4455608967
"152","1978","7338","4553","154690",5.0458010830,43.4444131517
"271","15037","6030","142826","170405",5.1124708117,43.5781381679
"272","1176","700","116707","110994",5.1743286283,43.5769171530
"273","8269","1485","143078","154690",5.2361837757,43.5756609110
"354","40401","1805","47834","113322",5.1777414258,43.6668607124
"312","24693","4578","153397","116948",5.1760336893,43.6218882561
"270","14048","30360","80101","98453",5.0506104015,43.5793239531
"233","441","6289","87499","183156",5.2344330055,43.5306922104
"234","12282","15544","70344","159647",5.2962370358,43.5294017952
"1378","1","1","1","1",5.1510798300,43.6342108929
"1377","1","1","1","1",5.2033640429,43.5548701867
"1376","1","1","1","1",5.2510515135,43.5601431847
"155","36284","2146","80054","159647",5.3543518988,43.4381472845
"119","18444","1004","71434","98663",5.2908564675,43.3945073777
"120","441","16105","87499","110994",5.3525130397,43.3931850040
"153","14504","4759","80101","122732",5.2309396745,43.4407590504
"154","7125","4950","54881","113322",5.2926471871,43.4394707357
"64","10780","7458","24518","98453",5.7181444457,43.2946076655
"63","62068","2759","122732","117798",5.6566021822,43.2961381363
"23","75785","670","85856","70439",5.6545324398,43.2511861812
"1397","1","1","1","1",5.5500988221,43.2236906368
"1398","1","1","1","1",5.5658098157,43.2566558430
"41","27953","1364","39276","116948",5.5315340680,43.2541396101
"61","46619","5893","23408","170405",5.5335080433,43.2990939712
"62","115916","4112","38505","38505",5.5950566899,43.2976335726
"190","14048","2753","47834","122920",4.9856354712,43.4905306742
"228","49407","11956","130065","154690",4.9253732869,43.5366162974
"229","24693","633","24518","167623",4.9871902543,43.5355018863
"268","13497","125962","130065","90314",4.9268821038,43.5815898260
"269","77061","10718","46745","154690",4.9887474736,43.5804745066
"85","21963","3988","118106","113506",5.0426073809,43.3544798735
"115","35858","1389","151858","106408",5.0442029848,43.3994457695
"193","20916","8158","21440","38505",5.2944407077,43.4844355503
"194","670","14340","80054","130065",5.3561936339,43.4831110207
"195","23390","18338","115657","170405",5.4179436773,43.4817513286
"235","52040","2645","87499","130065",5.3580382520,43.5280761863
"236","670","252","155409","46745",5.4198365785,43.5267153862
"276","33340","441","163070","122304",5.4217324448,43.5716808460
"277","3634","2327","127012","122920",5.4835761579,43.5702837199
"316","20173","482","27953","113506",5.4236312833,43.6166476818
"18","82","9143","70344","113506",5.3630413847,43.2201045496
"19","3390","3747","166558","95904",5.4066481503,43.2119978980
"20","40905","6712","14048","117798",5.4681071534,43.2106098453
"39","25044","14012","107739","67899",5.4085234059,43.2569529918
"40","5060","1360","155409","116948",5.4700302360,43.2555638082
"59","27500","6537","115916","110994",5.4104015852,43.3019096450
"60","28108","2948","341975","98453",5.4719563168,43.3005193296
"89","50294","6155","116707","170405",5.3506770500,43.3482242053
"90","21845","3858","54881","105730",5.4122826952,43.3468678314
"1194","10780","5625","153397","118678",6.9414824382,44.7449016833
"1197","10065","6644","106716","92412",6.9935467687,44.7525803648
"1215","50679","8357","117798","270166",6.9293480260,44.7891910470
"1223","1176","4019","163070","167623",6.9464361107,44.8257488481
"1213","36284","26591","39158","117798",6.8630261910,44.7941723663
"1191","12423","17604","163070","122920",6.7432061568,44.7551400254
"1211","55449","9467","79400","106408",6.7392953415,44.7922137089
"1180","777","7171","105730","113506",6.7922068759,44.7102608816
"1192","7943","17150","106716","122920",6.8000245519,44.7486341251
"1193","15423","1073","54881","194329",6.8490417910,44.7511962149
"1182","76941","15362","87499","127767",6.9280001619,44.7088286261
"1181","76941","15362","87499","127767",6.8600311975,44.7014897352
"1159","12423","2081","142826","143078",6.7309589956,44.6608533885
"1160","5615","1930","89506","122732",6.7939566653,44.6587093570
"1268","1","1","1","1",6.5732178341,44.6794869476
"1135","20173","741","125962","106408",6.6020731412,44.6200673090
"1156","12266","1902","24518","170405",6.5419377841,44.6670702330
"1177","18444","5918","142826","183156",6.6023584043,44.7111237097
"1118","90903","1761","105730","330630",6.6621083086,44.5730325956
"1119","14306","7159","117798","143078",6.7076125777,44.5909729453
"1136","11712","4124","115916","118678",6.6650301091,44.6179967142
"1137","76941","4437","108402","110994",6.7279824144,44.6158902722
"1178","18444","5918","142826","183156",6.6766275737,44.7174664721
"1157","13497","3839","39158","113506",6.6049494753,44.6650338306
"1158","27508","24693","56541","117798",6.6679565723,44.6629615478
"1179","55449","23786","95904","194329",6.7509074144,44.7044833827
"1286","1","1","1","1",6.6244965035,44.6692663518
"1434","1","1","1","1",7.4241095604,43.7479744428
"694","21609","1819","79400","70439",7.4921818033,43.9112723049
"741","20916","3145","108402","122304",7.4964328973,43.9582520612
"785","25670","1750","341975","159825",7.5647428083,44.0026411141
"782","22923","124","130065","127767",7.4446810199,44.0051068515
"783","82","12017","23408","65356",7.4966963505,43.9997453692
"604","21963","954","9265","143078",7.4851147908,43.8214257112
"740","9120","28220","122732","98663",7.4446382372,43.9582785940
"647","23393","10744","216","113322",7.4265497229,43.8688872194
"648","76941","213","108402","167623",7.4727894118,43.8785557422
"693","52040","1814","45625","117798",7.4412478199,43.8957199220
"1452","1","1","1","1",7.4640803766,43.8352449964
"1433","1","1","1","1",7.3967966426,43.7452662151
"831","670","10812","95904","170405",7.6268639401,44.0440329342
"875","9325","11661","54881","270166",7.6495495691,44.0849890726
"876","8440","2001","142826","330630",7.6769841339,44.0686109874
"830","9325","2586","79400","110994",7.5614569896,44.0582311195
"873","441","14539","115916","270166",7.5071464403,44.0968805676
"874","670","3805","155409","130065",7.5687172846,44.0883938063
"912","40637","4599","72786","118678",7.5138704212,44.1272389025
"913","27953","5239","142826","92412",7.5681821191,44.1323019179
"914","26338","270","155409","113322",7.6291640099,44.1248495956
"1454","1","1","1","1",7.4508526937,43.7838940097
"1455","1","1","1","1",7.4575213053,43.7647343354
"1453","1","1","1","1",7.4529049259,43.8127604029
"559","65516","847","14048","36286",7.4815896074,43.7765041202
"1417","1","1","1","1",7.0807649286,43.6267439360
"424","12282","3024","31756","46745",6.9760728255,43.6609887767
"462","9596","5382","79400","36286",6.9177718092,43.7108127611
"463","193","5625","79400","270166",6.9791944241,43.7059224368
"506","12485","1815","115916","170405",6.9203293924,43.7531078583
"508","17250","6290","39276","457767",7.0410194477,43.7522860083
"425","14048","4112","153397","159825",7.0379625268,43.6587066993
"464","227","3054","38505","279505",7.0410760176,43.7063660536
"389","21845","18846","54881","159647",7.0347974724,43.6137761613
"1487","1","1","1","1",6.9630252187,43.7234440405
"1424","1","1","1","1",7.0045679429,43.6558968722
"1425","1","1","1","1",7.0079722910,43.6782745082
"553","33930","14340","31756","98663",7.1095177186,43.7911828359
"507","5060","30360","95904","127767",6.9771797003,43.7531670845
"597","3988","4005","105730","130065",7.0503412085,43.8401691172
"552","5060","816","110930","167623",7.0474875277,43.7935057902
"598","8269","3518","127012","38505",7.1076608015,43.8402605867
"549","8269","5375","106716","98663",6.8629820744,43.8027975705
"550","4331","13643","80054","38505",6.9230562535,43.7967304655
"551","27500","5893","183156","116948",6.9854523365,43.7957934473
"596","7943","43163","143078","98453",6.9904443884,43.8436920825
"1445","1","1","1","1",7.1226236518,43.8254255320
"1418","1","1","1","1",7.0532648373,43.5757121360
"465","16105","775","116707","46745",7.1030656918,43.7013193253
"426","24961","5739","24518","98663",7.0998472630,43.6563894104
"1428","1","1","1","1",7.1010345726,43.6898699651
"390","9120","1576","122732","116948",7.0966338748,43.6114607577
"1401","1","1","1","1",5.8602364137,43.1409017660
"5","14474","4950","39158","143078",6.0777297375,43.1049281213
"13","8133","3679","95904","65356",6.0801232213,43.1498660373
"1403","1","1","1","1",5.9251856299,43.0748615376
"0","20173","276459","183156","159825",5.8301866692,43.0667167523
"2","13497","21783","130065","159825",5.8323862765,43.1116585192
"28","24566","1788","23408","159825",5.9596652631,43.1982461609
"12","14057","670","21440","118678",6.0187451430,43.1516024067
"4","52040","1987","108402","113322",6.0163992607,43.1066630778
"1404","1","1","1","1",6.0200810163,43.1270150217
"1","50366","2417","9265","92412",6.1366192114,43.0582234156
"6","22","8250","4553","106408",6.1390564994,43.1031582656
"14","15956","1788","183156","113322",6.1414975760,43.1480947402
"31","57584","2058","54881","110994",6.1439424501,43.1930328135
"1402","1","1","1","1",5.8693452031,43.0951166893
"3","17308","1508","47834","98453",5.9550651424,43.1083631317
"10","12266","26333","27953","159647",5.8959781105,43.1549703496
"11","65516","455","108402","194329",5.9573634147,43.1533038452
"645","62594","2028","183156","67899",7.3009372604,43.8744746697
"601","25670","241","130065","113506",7.2989569891,43.8289299294
"556","10780","17","153397","143078",7.2955775302,43.7840022337
"1439","1","1","1","1",7.3271064474,43.8049060991
"1450","1","1","1","1",7.3306816266,43.8398792960
"1438","1","1","1","1",7.3127620134,43.7719015025
"1436","1","1","1","1",7.3335798223,43.7582939356
"558","28333","3423","151858","122304",7.4204271018,43.7729066574
"603","33930","2748","31756","116948",7.4230676332,43.8239624170
"557","68765","5725","46745","194329",7.3575869608,43.7815381353
"602","26795","252","119535","154690",7.3588703662,43.8268199290
"646","8269","17474","106716","116948",7.3663903109,43.8736246626
"692","17646","1082","24518","117798",7.3678872900,43.9163186259
"1437","1","1","1","1",7.3674823469,43.7714366697
"1451","1","1","1","1",7.3687921528,43.8508211973
"877","1244","5678","89506","154690",4.7605890429,44.2145229240
"916","18444","2130","142826","110994",4.6993752950,44.2605033561
"917","36672","9597","24518","122304",4.7619852349,44.2595170087
"947","25670","3189","130065","194329",4.7633836426,44.3045120817
"1359","1","1","1","1",4.6732126326,44.2749890279
"946","62594","7774","183156","122304",4.7007240434,44.3054992335
"821","62594","7464","183156","154690",6.9423730969,44.0692838925
"864","33959","3045","23408","270166",7.0046690359,44.1047618814
"820","10780","15060","47834","330630",6.8796732696,44.0699253856
"862","1978","1413","4553","67899",6.8733262480,44.1147177822
"819","58716","31409","143078","110994",6.8224119368,44.0775387785
"860","28333","4283","151858","183156",6.7652313270,44.1133368002
"861","37256","28220","142826","36286",6.8142261969,44.1142058688
"772","28456","2346","80054","113322",6.7720220503,44.0454939828
"773","44098","6376","56541","127767",6.8143163195,44.0271695395
"863","21783","1815","79400","98453",6.9481486141,44.1083419831
"903","193","5978","110930","154690",6.7008413531,44.1684826987
"904","15423","1958","42476","65356",6.7574746924,44.1599619048
"906","1978","1413","4553","67899",6.8692179097,44.1317232259
"905","7125","2416","79400","46745",6.8424494715,44.1653296207
"939","36672","2696","24518","67899",6.7465484522,44.2023179043
"968","41421","455","142826","117798",6.7565677162,44.2495885928
"685","41421","13307","142826","279505",6.9326898426,43.9328666548
"686","17646","667","27953","95904",6.9993066183,43.9302148935
"730","21234","4666","142826","116948",6.8735520257,43.9800334716
"774","27500","2353","183156","270166",6.8658498929,44.0282756599
"731","38430","5779","125962","143078",6.9283996762,43.9790834685
"775","27500","2353","183156","270166",6.9359444745,44.0255435619
"732","4737","7338","142826","46745",6.9980273464,43.9755494881
"1472","1","1","1","1",6.9193303800,43.9958898446
"1465","1","1","1","1",6.8972728193,43.9532920285
"1463","1","1","1","1",6.9791132906,43.9083199804
"1473","1","1","1","1",6.8236298613,44.0020730401
"640","7943","3431","31756","118678",6.9883548553,43.8892265767
"641","36284","2205","130065","95904",7.0487174101,43.8875021825
"643","1176","10356","39158","67899",7.1637321357,43.8757729093
"642","36284","2205","130065","95904",7.1085297964,43.8818233802
"1458","1","1","1","1",7.1399518564,43.8853006010
"1460","1","1","1","1",7.0694584155,43.8828095968
"1462","1","1","1","1",6.9690671481,43.8765005982
"1461","1","1","1","1",7.0310508884,43.8673437388
"595","53743","6604","39276","330630",6.9312285191,43.8542575626
"639","33340","2703","89506","183156",6.9295924347,43.8879252273
"733","11712","5396","45625","143078",7.0631719065,43.9753898330
"688","53181","14811","27953","159825",7.1178600063,43.9244111248
"776","28623","3414","155409","194329",7.0074925706,44.0198086178
"687","17646","667","27953","95904",7.0599068762,43.9396414617
"1464","1","1","1","1",7.0095096389,43.9449075575
"1471","1","1","1","1",7.0353849577,44.0060759231
"1459","1","1","1","1",7.1267471490,43.9459247643
"285","23390","11776","166558","70439",5.9782097940,43.5578392269
"286","33930","5355","70344","122304",6.0400233567,43.5561252745
"287","39126","5036","127012","122732",6.1018331919,43.5543761347
"324","28028","5551","45625","330630",5.9186786255,43.6044749139
"325","50366","1269","118106","183156",5.9805442053,43.6027947845
"244","276459","1080","71434","90314",5.9194720175,43.5126354835
"284","25044","1508","107739","122304",5.9163925791,43.5595179887
"283","21839","3358","163070","106408",5.8545717876,43.5611615565
"323","12282","10696","70344","279505",5.8568094606,43.6061198208
"1483","1","1","1","1",5.8897486246,43.5742215730
"1484","1","1","1","1",5.8762069738,43.5165046228
"365","21845","7774","23408","279505",5.8590506430,43.6510794275
"366","17112","15668","269557","170405",5.9209682569,43.6494331804
"367","62068","8133","130065","279505",5.9828822774,43.6477516821
"413","10780","7373","87499","159825",5.9852240188,43.6927098933
"282","26338","24961","95904","122732",5.7927474950,43.5627699272
"280","45202","2327","122732","183156",5.6690887083,43.5658810653
"281","60422","5398","56541","113322",5.7309197767,43.5643430979
"321","27508","4400","216","159647",5.7330606783,43.6093039544
"322","25670","8951","122732","36286",5.7949367863,43.6077295020
"364","3634","1522","117798","106408",5.7971295113,43.6526904202
"411","15814","3568","27953","105730",5.8612953430,43.6960403501
"412","294","854","127012","117798",5.9232614819,43.6943927616
"447","3634","31284","117798","330630",5.9255583088,43.7393536314
"327","777","2910","105730","98453",6.1042643074,43.5993288709
"368","441","4385","45625","127767",6.0447926286,43.6460349358
"369","75785","6028","71434","113322",6.1066992347,43.6442829448
"414","21839","3907","163070","330630",6.0471828778,43.6909917483
"326","10243","30647","47834","130065",6.0424061245,43.6010794357
"852","62068","8357","341975","95904",6.2586143647,44.1352162996
"853","46619","5926","54881","117798",6.3210466685,44.1333418769
"721","4479","37543","125962","183156",6.2534665100,44.0452891881
"894","14474","23373","269557","36286",6.1987086965,44.1820217653
"895","82","3256","70344","194329",6.2576408052,44.1799806330
"931","38430","1946","125962","98453",6.2042142081,44.2189994889
"932","15956","1408","125962","122732",6.2584166190,44.2309650680
"854","62594","18846","27953","110994",6.3745717692,44.1298469660
"1319","1","1","1","1",6.3344573583,44.1213404609
"933","14474","6772","105730","90314",6.3268087976,44.2294052188
"934","75785","2327","85856","105730",6.3888363782,44.2213569169
"1318","1","1","1","1",6.3057216175,44.1642857974
"896","1176","9467","163070","127767",6.3236760218,44.1783054444
"897","50366","10757","72786","122304",6.3861534770,44.1763939178
"898","7125","6822","42476","170405",6.4486266901,44.1744468187
"935","4479","807","115916","98663",6.4513589649,44.2194082310
"961","50294","4226","269557","70439",6.4540955697,44.2643706034
"668","276459","1869","85856","106408",5.9370967707,43.9641763830
"713","142826","6712","39158","159825",5.9394153885,44.0091444286
"714","22559","2320","45625","122304",6.0017196784,44.0074519373
"672","9596","1200","79400","122920",6.1860950311,43.9571992486
"628","227","2041","38505","117798",6.2457751352,43.9104066165
"629","9596","7761","54881","330630",6.3079620217,43.9085398124
"673","40637","5090","118106","122920",6.2483348853,43.9553663588
"720","4479","37543","125962","183156",6.2508986737,44.0003272249
"626","15956","5090","115916","105730",6.1213893524,43.9140340011
"718","5060","2174","155409","98663",6.1886098038,44.0021616082
"625","33959","5779","70344","38505",6.0591906098,43.9157945746
"671","9325","283","42476","154690",6.1238512156,43.9589966993
"716","82","76941","31756","36286",6.1263169632,44.0039605237
"1325","1","1","1","1",6.2231648521,44.0223134995
"538","1978","8440","4553","98663",6.1785744441,43.8223190253
"539","27500","7171","125962","167623",6.2406677120,43.8204906087
"583","7943","6030","31756","65356",6.1810773606,43.8672779306
"584","60422","3710","56541","170405",6.2432194140,43.8654480243
"627","227","2041","38505","117798",6.1835842198,43.9122380139
"1327","1","1","1","1",5.9060841221,44.0022453666
"1326","1","1","1","1",5.9251873349,44.0271137050
"493","37256","8357","14048","118678",6.1686891977,43.7770045768
"805","25044","4487","38505","98663",5.8816573134,44.1007435156
"985","9120","5809","341975","127767",6.3315891072,44.3132019772
"957","9596","5038","42476","106408",6.2518653945,44.2604197277
"958","294","1004","106716","122732",6.2664858679,44.2632929604
"984","27508","3907","38505","122732",6.2689590730,44.3150825184
"1031","5060","17604","155409","270166",6.3368854512,44.4031375908
"1289","1","1","1","1",6.2566298831,44.3851659104
"1005","39126","4942","143078","130065",6.2715337581,44.3647728609
"1030","670","845","341975","105730",6.2844035958,44.4029058244
"1006","48131","3219","31756","122732",6.3342351772,44.3581693426
"1007","14048","816","47834","113506",6.3912384476,44.3583636422
"959","28456","5074","151858","170405",6.3289472313,44.2682355213
"960","28623","72629","341975","143078",6.3915235317,44.2663208775
"762","23393","10837","107739","46745",6.0040910875,44.0524197068
"807","90903","515","115657","143078",6.0064662448,44.0973885519
"1320","1","1","1","1",6.0313292187,44.1225259743
"808","12266","3235","27953","70439",6.0688651139,44.0956577647
"809","49407","6500","80054","110994",6.1312601484,44.0938914450
"717","82","76941","31756","36286",6.1287866044,44.0489254478
"763","23393","10837","107739","46745",6.0593264758,44.0449475019
"849","115916","7740","38505","127767",6.0712933036,44.1406262481
"850","22","7190","4553","159825",6.1337376046,44.1388584887
"893","27508","3358","38505","457767",6.1362189821,44.1838265524
"930","8133","3679","110930","194329",6.1387042903,44.2287956095
"1324","1","1","1","1",6.1370637958,44.0274772863
"1323","1","1","1","1",6.1351869606,44.0620481661
"1317","1","1","1","1",6.1760378814,44.1988650597
"719","5060","2174","155409","98663",6.1888016181,44.0513227514
"764","39126","82","143078","95904",6.3158004152,44.0434178167
"810","25926","8427","80101","130065",6.1936512709,44.0920895962
"811","12282","1437","23408","457767",6.2560384038,44.0902522219
"812","25670","5851","130065","98453",6.3184214695,44.0883793255
"851","22","7190","4553","159825",6.1977697663,44.1448176691
"681","8440","2988","21440","36286",6.6792860294,43.9419679635
"769","28499","6294","27953","65356",6.6295545512,44.0305850744
"727","28499","3009","24518","159825",6.6920780732,43.9876453999
"726","31409","27629","115657","67899",6.6245441892,43.9885763028
"770","14504","7303","80101","113322",6.6904585102,44.0210128225
"728","75942","1724","127012","113506",6.7375114407,43.9813293754
"635","26768","5655","71434","330630",6.6809944405,43.8965956531
"634","3634","480","117798","118678",6.6029266528,43.9067183077
"680","5615","14731","142826","170405",6.6216865136,43.9436250034
"723","3634","12595","127012","159825",6.3754641925,43.9965520689
"765","18444","7865","142826","122304",6.3781301856,44.0415109558
"586","49121","241","85856","167623",6.3674913862,43.8616820814
"674","17250","4677","39276","170405",6.3105707010,43.9534980336
"722","18166","1232","143078","122920",6.3131834956,43.9984573773
"675","2910","5725","269557","92412",6.3728024016,43.9515942765
"676","1978","1310","107739","116948",6.4350299099,43.9496550911
"630","60422","1255","216","117798",6.3934850102,43.9166393271
"631","10695","633","116707","113506",6.4323234015,43.9046999985
"813","6854","15155","166558","127767",6.3808003907,44.0864709107
"1482","1","1","1","1",6.3712397086,43.9749869070
"1481","1","1","1","1",6.4069732294,43.9792413348
"543","13093","2988","119535","110994",6.4939125475,43.8124277574
"544","2910","667","39158","270166",6.5510723770,43.8108183609
"587","15037","155911","166558","117798",6.4445929599,43.8632301470
"588","17646","1815","153397","279505",6.4917466688,43.8577746558
"632","39126","213","127012","70439",6.4993691901,43.8854102676
"589","15037","3431","39276","95904",6.5538678603,43.8557678964
"545","62594","3858","27953","183156",6.6064521098,43.8153293773
"546","155913","5615","80054","90314",6.6784124154,43.8141109036
"541","48619","4666","4553","65356",6.3626895526,43.8204165317
"542","50679","658","127012","154690",6.4266363907,43.8058950736
"633","28108","1930","341975","194329",6.5566677454,43.9007186019
"590","58716","7373","106716","67899",6.6294362657,43.8675217458
"1478","1","1","1","1",6.5508805289,43.8318042723
"858","33340","7303","142826","38505",6.6011918486,44.1354801210
"768","142826","1004","130065","330630",6.5674159684,44.0370909082
"816","2723","4112","163070","113322",6.5679115125,44.0805325929
"817","7943","5671","143078","113506",6.6139659870,44.0872169475
"857","33340","7303","142826","38505",6.5760059057,44.1248265444
"814","14257","3358","153397","154690",6.4431750899,44.0845269811
"815","24693","23390","153397","38505",6.5033769113,44.0857836014
"855","10718","208","163070","46745",6.4540548282,44.1197545489
"856","16105","17","163070","105730",6.5143378065,44.1273636691
"964","25926","18166","119535","46745",6.5799542925,44.2718909378
"966","33930","4124","31756","270166",6.6417853292,44.2583060365
"902","193","5978","110930","154690",6.6360200993,44.1683921241
"937","58378","9877","269557","122304",6.6374253494,44.2108690774
"900","33930","5396","143078","38505",6.5820155926,44.1712438754
"818","14504","7303","80101","113322",6.7205077581,44.0426043968
"636","22559","4599","87499","270166",6.7431509783,43.8944811066
"682","130627","4200","70344","117798",6.7461018803,43.9394278742
"683","50679","2759","127012","67899",6.8082790839,43.9382599242
"684","52040","1029","108402","457767",6.8444165734,43.9424546599
"729","15814","6214","183156","46745",6.8090299774,43.9832999750
"771","28456","2346","80054","113322",6.7590021400,44.0209151869
"1467","1","1","1","1",6.8824518361,43.9114340356
"1466","1","1","1","1",6.9213823276,43.9115973696
"585","2910","1082","116707","67899",6.3053574480,43.8635827400
"495","1788","2696","116707","159825",6.3001605786,43.7736721478
"497","193","24693","110930","67899",6.3587307903,43.7778148553
"540","26768","1188","85856","65356",6.3045044537,43.8110583740
"725","10718","11005","89506","105730",6.5749386252,43.9978074172
"677","27500","2910","125962","127767",6.4972531492,43.9476804813
"724","3634","12595","127012","159825",6.4502660711,43.9956642359
"679","1666","2703","107739","122920",6.5594720427,43.9456704508
"766","14306","5809","117798","98453",6.4404557440,44.0395686090
"767","7943","2645","106716","36286",6.5137828728,44.0400070767
"678","27500","2910","125962","127767",6.5000129031,43.9926350848
"1024","46475","88618","9265","159825",5.8976957857,44.4155725040
"1046","33959","3703","23408","98663",5.8957254258,44.4590255282
"1025","18444","5960","71434","154690",5.9604487840,44.4139032972
"1292","1","1","1","1",6.0080053606,44.5352527737
"1293","1","1","1","1",5.9971967394,44.5074208354
"1001","15037","2849","39276","130065",5.9580968939,44.3689262796
"1026","20916","5417","108402","183156",6.0231980413,44.4121983483
"1047","49121","1472","71434","270166",5.9603722748,44.4504011637
"1284","1","1","1","1",6.0506135470,44.4851483842
"1294","1","1","1","1",6.0030601846,44.4548236872
"1069","28456","16105","151858","130065",6.0908579625,44.5004086388
"1285","1","1","1","1",6.0716580427,44.4802735522
"1068","17112","2417","105730","122732",6.0280127985,44.5021521661
"1295","1","1","1","1",6.0117101839,44.4297992154
"1067","44098","5382","46745","110994",5.9686842271,44.5025246188
"1048","27500","14048","183156","38505",6.0256035054,44.4571748394
"1088","27508","25004","38505","70439",6.0304259299,44.5471303017
"1089","26338","441","155409","170405",6.0933210760,44.5453853526
"1109","1788","1639","39158","118678",6.0957881163,44.5903628473
"1125","4331","6030","80054","116948",6.0195673196,44.6349204259
"1000","53743","4599","39276","118678",5.8953936585,44.3705941265
"1306","1","1","1","1",5.7827936162,44.3571747570
"1309","1","1","1","1",5.8074821610,44.3426059308
"976","1244","30647","89506","98663",5.8304379887,44.3272474414
"999","4331","43163","39158","127767",5.8495042352,44.3673728743
"1314","1","1","1","1",5.9326689902,44.3936788543
"952","1978","2755","85856","183156",5.8908003556,44.2806400725
"977","22559","1834","45625","183156",5.8930951847,44.3256166404
"974","24566","1609","70344","118678",5.7023418095,44.3293261539
"1303","1","1","1","1",5.7134669304,44.3556893398
"973","36402","12326","115916","113322",5.6412901862,44.3275653773
"1307","1","1","1","1",5.7379655571,44.3368516827
"1308","1","1","1","1",5.7545199384,44.3085562135
"948","23393","30360","216","457767",5.6411269717,44.2817510692
"949","15423","6214","23408","113506",5.7029670158,44.2854215030
"975","8269","13307","127012","127767",5.7677772266,44.3288425521
"886","1666","45268","216","118678",5.7034635542,44.2041582376
"925","32738","7171","118106","46745",5.8259511166,44.2372925946
"1311","1","1","1","1",5.8082267153,44.2571522527
"1310","1","1","1","1",5.7275801332,44.2659762548
"950","26338","9595","155409","457767",5.7655816344,44.2838633562
"924","20916","5655","14048","98663",5.7664222152,44.2420537166
"923","2294","2315","166558","143078",5.7008244554,44.2404419849
"1315","1","1","1","1",6.0304008954,44.2726958158
"1313","1","1","1","1",5.9889626648,44.3549836312
"978","8133","2891","95904","98453",5.9557487360,44.3239501522
"980","441","5615","115916","116948",6.0810445902,44.3205101271
"927","227","1202","107739","70439",5.9510635810,44.2340006750
"1003","18855","8314","341975","110994",6.0666280231,44.3717074895
"979","8440","1202","89506","118678",6.0183985640,44.3222479800
"1002","18855","8314","341975","110994",6.0166565355,44.3626258290
"954","23390","4283","39276","105730",6.0160045326,44.2772741561
"1312","1","1","1","1",5.9269849004,44.3319830731
"955","17250","6072","142826","70439",6.0786009711,44.2755377188
"953","55609","283","9265","46745",5.9534043013,44.2789749418
"1040","17646","30712","153397","159647",5.5213893793,44.4669034832
"993","21839","25878","89506","159825",5.4563731292,44.3812688268
"1017","17112","741","105730","457767",5.4588034994,44.4184773099
"996","5060","22","95904","92412",5.6445449709,44.3769083202
"1302","1","1","1","1",5.6077788166,44.3650367727
"1018","12266","5038","24518","457767",5.5195778951,44.4198020778
"1301","1","1","1","1",5.5554741470,44.4095145667
"994","3390","1946","105730","279505",5.5191002830,44.3798510579
"1522","1","1","1","1",5.4731332299,44.4633220063
"972","115916","11433","56541","122304",5.5824303669,44.3444056368
"995","21839","4400","116707","65356",5.5818242565,44.3783975548
"1019","115916","23786","216","92412",5.5871519803,44.4258019903
"1041","12282","14108","23408","122732",5.5993046720,44.4601056424
"998","11712","14340","115916","330630",5.7699763063,44.3738226684
"1022","20173","797","27953","194329",5.7721788818,44.4188036784
"1023","46475","14474","9265","106408",5.8324688327,44.4147716227
"1021","9325","3009","42476","67899",5.7094151341,44.4203656397
"997","15956","1609","125962","70439",5.7072623470,44.3753833571
"1299","1","1","1","1",5.7507377060,44.4562868533
"1305","1","1","1","1",5.7524658555,44.4097712347
"1020","27508","3420","216","105730",5.6466479612,44.4218918463
"1300","1","1","1","1",5.5528113423,44.4499681381
"1304","1","1","1","1",5.7464102942,44.3877590440
"1042","6606","8772","85856","46745",5.6487542977,44.4668762416
"1043","65516","3518","108402","143078",5.7115713462,44.4653487904
"1316","1","1","1","1",6.1426435811,44.2509508777
"891","5096","1240","95904","117798",6.0112278390,44.1873293625
"892","33340","270","163070","67899",6.0587850368,44.1876770325
"926","24566","1408","70344","330630",5.8885091625,44.2356644494
"951","28499","283","24518","106408",5.8281927738,44.2822695450
"928","4737","2755","21440","105730",6.0136142939,44.2323012747
"929","68765","4803","56541","143078",6.0780064887,44.2389386052
"890","58716","4677","106716","122304",5.9487265664,44.1890273786
"1027","25670","2322","122732","90314",6.0859434786,44.4104576607
"956","9596","5038","42476","106408",6.1379791988,44.2835278815
"981","42076","2322","127012","170405",6.1436867361,44.3187365969
"982","42076","2322","127012","170405",6.1512000777,44.3637314723
"983","27508","3907","38505","122732",6.1992031512,44.3246589690
"1290","1","1","1","1",6.1926339794,44.4056336357
"1291","1","1","1","1",6.1425135960,44.4251912467
"1028","10695","6727","163070","98453",6.1565793040,44.3963803716
"844","1244","1464","163070","270166",5.7590157001,44.1489315578
"845","50679","4000","117798","38505",5.8114153661,44.1538487130
"843","28333","12326","80054","67899",5.6965495045,44.1504858998
"846","12423","10812","142826","65356",5.8839376500,44.1457161443
"887","12423","2174","89506","36286",5.7612008794,44.1939078324
"888","15605","1622","79400","127767",5.8237130085,44.1923166168
"1330","1","1","1","1",5.5958811686,44.1634904401
"889","13093","6324","119535","122304",5.8862215968,44.1906897978
"1328","1","1","1","1",5.6731911306,44.1779552573
"761","23390","5551","166558","122732",5.9417376683,44.0541135776
"806","13093","7431","80101","67899",5.9440636188,44.0990838033
"847","115916","7843","216","167623",5.9463932485,44.1440550792
"848","15037","1257","39276","46745",6.0088451590,44.1423584460
"1322","1","1","1","1",5.9611796612,44.1190824126
"1321","1","1","1","1",5.9830785494,44.1581671645
"392","13093","35436","119535","183156",4.6833555766,43.7206375547
"393","3988","4422","39158","105730",4.7453756829,43.7196608074
"350","15956","1110","115916","279505",4.9299068415,43.6715410052
"396","670","5355","151858","279505",4.9314227735,43.7165186032
"1372","1","1","1","1",4.8908190371,43.7002432654
"431","40","4385","166558","98453",4.9329410884,43.7614975050
"394","3390","5779","105730","105730",4.8073936354,43.7186487318
"395","2910","3069","269557","127767",4.8694093577,43.7176013297
"429","10243","3679","80101","159647",4.8088145200,43.7636293700
"430","7843","7367","70344","36286",4.8708789602,43.7625811141
"471","32738","1939","72786","113322",4.8102376401,43.8086112872
"472","57584","482","54881","167623",4.8723508747,43.8075621768
"1370","1","1","1","1",4.7996366959,43.7437363879
"1371","1","1","1","1",4.7783179510,43.7140598964
"428","35858","1722","80054","118678",4.7467478444,43.7646422707
"470","15814","11289","183156","95904",4.7481221648,43.8096250136
"1369","1","1","1","1",4.7637480774,43.7880819539
"78","9120","1508","155409","167623",6.5793554267,43.2695041850
"150","44098","1200","46745","183156",4.9846906568,43.4176191371
